Date Time,Chart A,Chart B,Chart C,Chart D,Chart E,Chart F,Chart G,Chart H
36:59.4,,28.6,0.01,17.062,47.125,,,1510
36:59.4,,,0.01,,,,,
36:59.4,,,0.025,,,,,
36:59.4,,,0.025,,,,,
36:59.4,,,0.025,17.312,46.875,,,1492
36:59.4,,,0.025,,,,,
36:59.4,,,0.025,,,,,
36:59.4,,,0.025,,,,,
36:59.4,,,0.04,17.562,46.562,,,1475
36:59.4,,,0.04,,,,,
36:59.4,,,0.04,,,,,
36:59.4,,,0.04,,,,,
36:59.4,,,0.04,17.875,46.312,,,1458
36:59.4,,,0.04,,,,,
36:59.4,,,0.05,,,,,
36:59.4,,,0.05,,,,,
36:59.4,,28.6,0.06,18.375,46.062,,,1442
36:59.4,,,0.06,,,,,
36:59.4,,,0.06,,,,,
36:59.4,,,0.055,,,,,
36:59.4,,,0.055,18.875,45.812,,,1426
36:59.4,,,0.055,,,,,
36:59.4,,,0.065,,,,,
36:59.4,,,0.065,,,,,
36:59.4,,,0.075,19.562,45.625,,,1409
36:59.4,,,0.07,,,,,
36:59.4,,,0.07,,,,,
36:59.4,,,0.07,,,,,
36:59.4,,,0.07,20.125,45.438,,,1395
36:59.4,,,0.065,,,,,
36:59.4,,,0.065,,,,,
36:59.4,,,0.065,,,,,
36:59.4,,28.6,0.075,20.312,45.312,,,1382
36:59.4,,,0.07,,,,,
36:59.4,,,0.07,,,,,
36:59.4,,,0.065,,,,,
36:59.4,,,0.065,19.875,45.188,,,1367
36:59.4,,,0.06,,,,,
36:59.4,,,0.06,,,,,
36:59.4,,,0.06,,,,,
36:59.4,,,0.07,19.188,45.125,,,1354
36:59.4,,,0.065,,,,,
36:59.4,,,0.065,,,,,
36:59.4,,,0.06,,,,,
36:59.4,,,0.065,18.625,45.062,,,1343
36:59.5,,,0.065,,,,,
36:59.5,,,0.07,,,,,
36:59.5,,,0.07,,,,,
36:59.5,,28.6,0.07,18.188,45.125,,,1333
36:59.5,,,0.065,,,,,
36:59.5,,,0.075,,,,,
36:59.5,,,0.07,,,,,
36:59.5,,,0.08,18,45.375,,,1322
36:59.5,,,0.075,,,,,
36:59.5,,,0.075,,,,,
36:59.5,,,0.075,,,,,
36:59.5,,,0.07,18.562,45.938,,,1310
36:59.5,,,0.07,,,,,
36:59.5,,,0.08,,,,,
36:59.5,,,0.075,,,,,
36:59.5,,,0.085,19.938,46.938,,,1299
36:59.5,,,0.08,,,,,
36:59.5,,,0.08,,,,,
36:59.5,,,0.075,,,,,
36:59.5,,28.6,0.07,21.75,48.188,,,1288
36:59.5,,,0.07,,,,,
36:59.5,,,0.075,,,,,
36:59.5,,,0.07,,,,,
36:59.5,,,0.07,23.625,49.625,,,1275
36:59.5,,,0.075,,,,,
36:59.5,,,0.07,,,,,
36:59.5,,,0.065,,,,,
36:59.5,,,0.075,25.312,51.125,,,1261
36:59.5,,,0.07,,,,,
36:59.5,,,0.07,,,,,
36:59.5,,,0.065,,,,,
36:59.5,,,0.075,26.75,52.625,,,1246
36:59.5,,,0.08,,,,,
36:59.5,,,0.075,,,,,
36:59.5,,,0.075,,,,,
36:59.5,,28.6,0.08,27.938,54.188,,,1232
36:59.5,,,0.075,,,,,
36:59.5,,,0.075,,,,,
36:59.5,,,0.075,,,,,
36:59.5,,,0.075,28.75,55.75,,,1221
36:59.5,,,0.08,,,,,
36:59.5,,,0.085,,,,,
36:59.5,,,0.08,,,,,
36:59.5,,,0.08,29.25,57.312,,,1212
36:59.5,,,0.085,,,,,
36:59.5,,,0.08,,,,,
36:59.5,,,0.085,,,,,
36:59.5,,,0.09,29.688,58.875,,,1202
36:59.5,,,0.095,,,,,
36:59.5,,,0.09,,,,,
36:59.6,,,0.095,,,,,
36:59.6,,28.6,0.085,29.938,60.375,,,1194
36:59.6,,,0.09,,,,,
36:59.6,,,0.095,,,,,
36:59.6,,,0.095,,,,,
36:59.6,,,0.1,30.188,61.875,,,1187
36:59.6,,,0.095,,,,,
36:59.6,,,0.095,,,,,
36:59.6,,,0.1,,,,,
36:59.6,,,0.1,30.312,63.375,,,1180
36:59.6,,,0.1,,,,,
36:59.6,,,0.105,,,,,
36:59.6,,,0.1,,,,,
36:59.6,,,0.105,30.5,64.875,,,1173
36:59.6,,,0.105,,,,,
36:59.6,,,0.105,,,,,
36:59.6,,,0.105,,,,,
36:59.6,,28.6,0.1,30.75,66.312,,,1168
36:59.6,,,0.1,,,,,
36:59.6,,,0.11,,,,,
36:59.6,,,0.11,,,,,
36:59.6,,,0.11,31.062,67.625,,,1162
36:59.6,,,0.11,,,,,
36:59.6,,,0.105,,,,,
36:59.6,,,0.105,,,,,
36:59.6,,,0.115,31.375,68.938,,,1156
36:59.6,,,0.11,,,,,
36:59.6,,,0.12,,,,,
36:59.6,,,0.115,,,,,
36:59.6,,,0.125,31.75,70.125,,,1151
36:59.6,,,0.12,,,,,
36:59.6,,,0.13,,,,,
36:59.6,,,0.125,,,,,
36:59.6,,28.683,0.135,32,71.25,,,1147
36:59.6,,,0.135,,,,,
36:59.6,,,0.135,,,,,
36:59.6,,,0.14,,,,,
36:59.6,,,0.14,32.312,72.25,,,1141
36:59.6,,,0.15,,,,,
36:59.6,,,0.155,,,,,
36:59.6,,,0.145,,,,,
36:59.6,,,0.155,32.625,73.25,,,1134
36:59.6,,,0.16,,,,,
36:59.6,,,0.16,,,,,
36:59.6,,,0.165,,,,,
36:59.6,,,0.18,32.875,74.188,,,1128
36:59.6,,,0.18,,,,,
36:59.6,,,0.185,,,,,
36:59.6,,,0.175,,,,,
36:59.6,,28.817,0.185,33,75,,,1123
36:59.7,,,0.18,,,,,
36:59.7,,,0.19,,,,,
36:59.7,,,0.195,,,,,
36:59.7,,,0.195,32.875,75.75,,,1119
36:59.7,,,0.2,,,,,
36:59.7,,,0.2,,,,,
36:59.7,,,0.2,,,,,
36:59.7,,,0.2,32.625,76.438,,,1114
36:59.7,,,0.205,,,,,
36:59.7,,,0.21,,,,,
36:59.7,,,0.205,,,,,
36:59.7,,,0.2,32.312,77,,,1109
36:59.7,,,0.205,,,,,
36:59.7,,,0.2,,,,,
36:59.7,,,0.205,,,,,
36:59.7,,28.817,0.2,31.938,77.562,,,1109
36:59.7,,,0.185,,,,,
36:59.7,,,0.195,,,,,
36:59.7,,,0.19,,,,,
36:59.7,,,0.185,31.562,78,,,1113
36:59.7,,,0.18,,,,,
36:59.7,,,0.175,,,,,
36:59.7,,,0.17,,,,,
36:59.7,,,0.16,31.125,78.375,,,1123
36:59.7,,,0.155,,,,,
36:59.7,,,0.145,,,,,
36:59.7,,,0.145,,,,,
36:59.7,,,0.135,30.75,78.688,,,1144
36:59.7,,,0.135,,,,,
36:59.7,,,0.125,,,,,
36:59.7,,,0.12,,,,,
36:59.7,,28.9,0.115,30.312,78.812,,,1174
36:59.7,,,0.12,,,,,
36:59.7,,,0.11,,,,,
36:59.7,,,0.1,,,,,
36:59.7,,,0.1,29.938,78.75,,,1213
36:59.7,,,0.09,,,,,
36:59.7,,,0.09,,,,,
36:59.7,,,0.09,,,,,
36:59.7,,,0.085,29.562,78.562,,,1262
36:59.7,,,0.07,,,,,
36:59.7,,,0.075,,,,,
36:59.7,,,0.075,,,,,
36:59.7,,,0.07,29.062,78.312,,,1317
36:59.7,,,0.06,,,,,
36:59.7,,,0.055,,,,,
36:59.7,,,0.06,,,,,
36:59.7,,28.9,0.055,28.5,77.938,,,1378
36:59.7,,,0.055,,,,,
36:59.7,,,0.06,,,,,
36:59.8,,,0.05,,,,,
36:59.8,,,0.055,27.875,77.438,,,1442
36:59.8,,,0.055,,,,,
36:59.8,,,0.055,,,,,
36:59.8,,,0.045,,,,,
36:59.8,,,0.05,27.188,76.75,,,1506
36:59.8,,,0.05,,,,,
36:59.8,,,0.05,,,,,
36:59.8,,,0.05,,,,,
36:59.8,,,0.05,26.375,75.875,,,1570
36:59.8,,,0.05,,,,,
36:59.8,,,0.05,,,,,
36:59.8,,,0.05,,,,,
36:59.8,,28.817,0.05,25.5,74.812,,,1634
36:59.8,,,0.05,,,,,
36:59.8,,,0.05,,,,,
36:59.8,,,0.05,,,,,
36:59.8,,,0.05,24.688,73.625,,,1697
36:59.8,,,0.05,,,,,
36:59.8,,,0.05,,,,,
36:59.8,,,0.045,,,,,
36:59.8,,,0.045,23.938,72.25,,,1761
36:59.8,,,0.045,,,,,
36:59.8,,,0.045,,,,,
36:59.8,,,0.045,,,,,
36:59.8,,,0.045,23.25,70.812,,,1824
36:59.8,,,0.045,,,,,
36:59.8,,,0.045,,,,,
36:59.8,,,0.04,,,,,
36:59.8,,28.817,0.04,22.938,69.375,,,1885
36:59.8,,,0.04,,,,,
36:59.8,,,0.04,,,,,
36:59.8,,,0.04,,,,,
36:59.8,,,0.04,22.938,67.938,,,1945
36:59.8,,,0.04,,,,,
36:59.8,,,0.04,,,,,
36:59.8,,,0.04,,,,,
36:59.8,,,0.05,23.188,66.688,,,2002
36:59.8,,,0.05,,,,,
36:59.8,,,0.05,,,,,
36:59.8,,,0.045,,,,,
36:59.8,,,0.045,23.5,65.688,,,2057
36:59.8,,,0.045,,,,,
36:59.8,,,0.045,,,,,
36:59.8,,,0.04,,,,,
36:59.8,,28.75,0.05,23.75,64.875,,,2111
36:59.8,,,0.045,,,,,
36:59.8,,,0.045,,,,,
36:59.8,,,0.045,,,,,
36:59.9,,,0.045,23.938,64.125,,,2160
36:59.9,,,0.04,,,,,
36:59.9,,,0.04,,,,,
36:59.9,,,0.04,,,,,
36:59.9,,,0.04,24,63.438,,,2204
36:59.9,,,0.035,,,,,
36:59.9,,,0.035,,,,,
36:59.9,,,0.035,,,,,
36:59.9,,,0.035,23.812,62.688,,,2246
36:59.9,,,0.035,,,,,
36:59.9,,,0.035,,,,,
36:59.9,,,0.03,,,,,
36:59.9,,28.75,0.04,23.375,62,,,2284
36:59.9,,,0.04,,,,,
36:59.9,,,0.04,,,,,
36:59.9,,,0.035,,,,,
36:59.9,,,0.035,22.812,61.375,,,2317
36:59.9,,,0.035,,,,,
36:59.9,,,0.035,,,,,
36:59.9,,,0.035,,,,,
36:59.9,,,0.035,22.312,60.75,,,2348
36:59.9,,,0.035,,,,,
36:59.9,,,0.035,,,,,
36:59.9,,,0.03,,,,,
36:59.9,,,0.03,21.875,60.188,,,2376
36:59.9,,,0.03,,,,,
36:59.9,,,0.04,,,,,
36:59.9,,,0.035,,,,,
36:59.9,,28.6,0.035,21.625,59.625,,,2400
36:59.9,,,0.035,,,,,
36:59.9,,,0.045,,,,,
36:59.9,,,0.04,,,,,
36:59.9,,,0.04,21.5,59.062,,,2420
36:59.9,,,0.04,,,,,
36:59.9,,,0.05,,,,,
36:59.9,,,0.045,,,,,
36:59.9,,,0.045,21.438,58.5,,,2435
36:59.9,,,0.045,,,,,
36:59.9,,,0.045,,,,,
36:59.9,,,0.04,,,,,
36:59.9,,,0.04,21.438,57.938,,,2446
36:59.9,,,0.04,,,,,
36:59.9,,,0.04,,,,,
36:59.9,,,0.035,,,,,
36:59.9,,28.45,0.035,21.438,57.312,,,2453
36:59.9,,,0.035,,,,,
36:59.9,,,0.035,,,,,
36:59.9,,,0.035,,,,,
36:59.9,,,0.035,21.375,56.75,,,2456
36:59.9,,,0.035,,,,,
36:59.9,,,0.035,,,,,
37:00.0,,,0.035,,,,,
37:00.0,,,0.035,21.25,56.25,,,2454
37:00.0,,,0.035,,,,,
37:00.0,,,0.045,,,,,
37:00.0,,,0.04,,,,,
37:00.0,,,0.04,21.062,55.875,,,2448
37:00.0,,,0.04,,,,,
37:00.0,,,0.04,,,,,
37:00.0,,,0.035,,,,,
37:00.0,,28.317,0.035,20.875,55.438,,,2437
37:00.0,,,0.035,,,,,
37:00.0,,,0.045,,,,,
37:00.0,,,0.04,,,,,
37:00.0,,,0.04,20.625,55,,,2423
37:00.0,,,0.04,,,,,
37:00.0,,,0.05,,,,,
37:00.0,,,0.045,,,,,
37:00.0,,,0.045,20.375,54.562,,,2406
37:00.0,,,0.045,,,,,
37:00.0,,,0.045,,,,,
37:00.0,,,0.045,,,,,
37:00.0,,,0.055,20.062,54.125,,,2383
37:00.0,,,0.05,,,,,
37:00.0,,,0.05,,,,,
37:00.0,,,0.05,,,,,
37:00.0,,28.1,0.05,19.812,53.75,,,2356
37:00.0,,,0.05,,,,,
37:00.0,,,0.06,,,,,
37:00.0,,,0.055,,,,,
37:00.0,,,0.055,19.625,53.375,,,2324
37:00.0,,,0.05,,,,,
37:00.0,,,0.06,,,,,
37:00.0,,,0.055,,,,,
37:00.0,,,0.065,19.5,53.062,,,2289
37:00.0,,,0.06,,,,,
37:00.0,,,0.07,,,,,
37:00.0,,,0.065,,,,,
37:00.0,,,0.065,19.438,52.812,,,2254
37:00.0,,,0.06,,,,,
37:00.0,,,0.065,,,,,
37:00.0,,,0.06,,,,,
37:00.0,,27.733,0.055,19.312,52.562,,,2218
37:00.0,,,0.06,,,,,
37:00.0,,,0.055,,,,,
37:00.0,,,0.06,,,,,
37:00.0,,,0.065,19.25,52.25,,,2180
37:00.0,,,0.06,,,,,
37:00.0,,,0.06,,,,,
37:00.0,,,0.055,,,,,
37:00.0,,,0.06,19.125,52,,,2141
37:00.1,,,0.06,,,,,
37:00.1,,,0.06,,,,,
37:00.1,,,0.05,,,,,
37:00.1,,,0.055,18.938,51.688,,,2105
37:00.1,,,0.045,,,,,
37:00.1,,,0.05,,,,,
37:00.1,,,0.05,,,,,
37:00.1,,26.7,0.05,18.812,51.438,,,2069
37:00.1,,,0.055,,,,,
37:00.1,,,0.055,,,,,
37:00.1,,,0.045,,,,,
37:00.1,,,0.05,18.625,51.188,,,2033
37:00.1,,,0.055,,,,,
37:00.1,,,0.055,,,,,
37:00.1,,,0.045,,,,,
37:00.1,,,0.05,18.438,50.938,,,1999
37:00.1,,,0.05,,,,,
37:00.1,,,0.05,,,,,
37:00.1,,,0.04,,,,,
37:00.1,,,0.04,18.25,50.75,,,1966
37:00.1,,,0.03,,,,,
37:00.1,,,0.035,,,,,
37:00.1,,,0.035,,,,,
37:00.1,,24.95,0.035,18.125,50.562,,,1933
37:00.1,,,0.025,,,,,
37:00.1,,,0.03,,,,,
37:00.1,,,0.03,,,,,
37:00.1,,,0.035,18,50.438,,,1900
37:00.1,,,0.035,,,,,
37:00.1,,,0.035,,,,,
37:00.1,,,0.035,,,,,
37:00.1,,,0.035,17.938,50.25,,,1867
37:00.1,,,0.035,,,,,
37:00.1,,,0.035,,,,,
37:00.1,,,0.035,,,,,
37:00.1,,,0.035,17.812,50.062,,,1837
37:00.1,,,0.035,,,,,
37:00.1,,,0.035,,,,,
37:00.1,,,0.035,,,,,
37:00.1,,24,0.045,17.75,49.875,,,1808
37:00.1,,,0.045,,,,,
37:00.1,,,0.045,,,,,
37:00.1,,,0.045,,,,,
37:00.1,,,0.045,17.625,49.688,,,1779
37:00.1,,,0.045,,,,,
37:00.1,,,0.045,,,,,
37:00.1,,,0.045,,,,,
37:00.1,,,0.045,17.438,49.562,,,1750
37:00.1,,,0.04,,,,,
37:00.1,,,0.04,,,,,
37:00.2,,,0.04,,,,,
37:00.2,,,0.05,17.125,49.375,,,1720
37:00.2,,,0.045,,,,,
37:00.2,,,0.045,,,,,
37:00.2,,,0.045,,,,,
37:00.2,,23.867,0.045,16.812,49.188,,,1695
37:00.2,,,0.045,,,,,
37:00.2,,,0.055,,,,,
37:00.2,,,0.055,,,,,
37:00.2,,,0.055,16.625,49.062,,,1675
37:00.2,,,0.05,,,,,
37:00.2,,,0.055,,,,,
37:00.2,,,0.045,,,,,
37:00.2,,,0.045,16.562,48.812,,,1656
37:00.2,,,0.055,,,,,
37:00.2,,,0.06,,,,,
37:00.2,,,0.05,,,,,
37:00.2,,,0.06,16.625,48.625,,,1639
37:00.2,,,0.07,,,,,
37:00.2,,,0.075,,,,,
37:00.2,,,0.085,,,,,
37:00.2,,22.55,0.1,16.688,48.375,,,1623
37:00.2,,,0.115,,,,,
37:00.2,,,0.135,,,,,
37:00.2,,,0.15,,,,,
37:00.2,,,0.155,16.812,48.188,,,1605
37:00.2,,,0.155,,,,,
37:00.2,,,0.16,,,,,
37:00.2,,,0.145,,,,,
37:00.2,,,0.135,17,48,,,1585
37:00.2,,,0.11,,,,,
37:00.2,,,0.095,,,,,
37:00.2,,,0.065,,,,,
37:00.2,,,0.04,17.125,47.812,,,1563
37:00.2,,,0.005,,,,,
37:00.2,,,-0.01,,,,,
37:00.2,,,-0.035,,,,,
37:00.2,,20.067,-0.045,17.25,47.625,,,1540
37:00.2,,,-0.06,,,,,
37:00.2,,,-0.07,,,,,
37:00.2,,,-0.08,,,,,
37:00.2,,,-0.07,17.312,47.375,,,1517
37:00.2,,,-0.07,,,,,
37:00.2,,,-0.07,,,,,
37:00.2,,,-0.065,,,,,
37:00.2,,,-0.055,17.375,47.125,,,1497
37:00.2,,,-0.045,,,,,
37:00.2,,,-0.045,,,,,
37:00.2,,,-0.04,,,,,
37:00.2,,,-0.035,17.375,46.938,,,1479
37:00.3,,,-0.04,,,,,
37:00.3,,,-0.03,,,,,
37:00.3,,,-0.03,,,,,
37:00.3,,16.05,-0.025,17.438,46.812,,,1461
37:00.3,,,-0.03,,,,,
37:00.3,,,-0.025,,,,,
37:00.3,,,-0.02,,,,,
37:00.3,,,-0.015,17.5,46.625,,,1444
37:00.3,,,-0.02,,,,,
37:00.3,,,-0.015,,,,,
37:00.3,,,-0.005,,,,,
37:00.3,,,-0.01,17.562,46.438,,,1427
37:00.3,,,-0.015,,,,,
37:00.3,,,-0.01,,,,,
37:00.3,,,-0.005,,,,,
37:00.3,,,0,17.688,46.25,,,1410
37:00.3,,,0,,,,,
37:00.3,,,0.005,,,,,
37:00.3,,,0.005,,,,,
37:00.3,,10.8,0.01,17.688,46.062,,,1395
37:00.3,,,0.015,,,,,
37:00.3,,,0.02,,,,,
37:00.3,,,0.02,,,,,
37:00.3,,,0.035,17.562,45.875,,,1382
37:00.3,,,0.035,,,,,
37:00.3,,,0.035,,,,,
37:00.3,,,0.035,,,,,
37:00.3,,,0.045,17.375,45.625,,,1367
37:00.3,,,0.045,,,,,
37:00.3,,,0.045,,,,,
37:00.3,,,0.045,,,,,
37:00.3,,,0.055,17.438,45.438,,,1354
37:00.3,,,0.05,,,,,
37:00.3,,,0.05,,,,,
37:00.3,,,0.05,,,,,
37:00.3,,9.783,0.05,17.875,45.25,,,1341
37:00.3,,,0.06,,,,,
37:00.3,,,0.06,,,,,
37:00.3,,,0.055,,,,,
37:00.3,,,0.06,18.438,45.062,,,1328
37:00.3,,,0.06,,,,,
37:00.3,,,0.06,,,,,
37:00.3,,,0.06,,,,,
37:00.3,,,0.07,18.875,44.812,,,1314
37:00.3,,,0.065,,,,,
37:00.3,,,0.075,,,,,
37:00.3,,,0.075,,,,,
37:00.3,,,0.075,19.062,44.5,,,1301
37:00.3,,,0.07,,,,,
37:00.3,,,0.07,,,,,
37:00.4,,,0.07,,,,,
37:00.4,,8.833,0.075,19,44.188,,,1290
37:00.4,,,0.075,,,,,
37:00.4,,,0.07,,,,,
37:00.4,,,0.065,,,,,
37:00.4,,,0.065,18.625,43.938,,,1279
37:00.4,,,0.065,,,,,
37:00.4,,,0.07,,,,,
37:00.4,,,0.07,,,,,
37:00.4,,,0.07,18.125,43.688,,,1268
37:00.4,,,0.065,,,,,
37:00.4,,,0.065,,,,,
37:00.4,,,0.075,,,,,
37:00.4,,,0.085,17.812,43.5,,,1256
37:00.4,,,0.08,,,,,
37:00.4,,,0.08,,,,,
37:00.4,,,0.085,,,,,
37:00.4,22.25,7.15,0.085,18,43.375,50.75,-0.115,1246
37:00.4,,,0.08,,,,-0.105,
37:00.4,,,0.09,,,,-0.115,
37:00.4,,,0.085,,,,-0.105,
37:00.4,23.125,,0.085,18.75,43.438,58.812,-0.105,1237
37:00.4,,,0.085,,,,-0.105,
37:00.4,,,0.08,,,,-0.095,
37:00.4,,,0.075,,,,-0.085,
37:00.4,24,,0.075,20.062,43.812,69.312,-0.085,1230
37:00.4,,,0.07,,,,-0.075,
37:00.4,,,0.07,,,,-0.075,
37:00.4,,,0.07,,,,-0.075,
37:00.4,24.812,,0.075,21.875,44.5,79.688,-0.075,1224
37:00.4,,,0.075,,,,-0.075,
37:00.4,,,0.07,,,,-0.065,
37:00.4,,,0.07,,,,-0.065,
37:00.4,25.812,4.883,0.075,23.938,45.375,86.625,-0.065,1219
37:00.4,,,0.07,,,,-0.055,
37:00.4,,,0.07,,,,-0.055,
37:00.4,,,0.07,,,,-0.055,
37:00.4,27,,0.075,25.812,46.312,88.25,-0.055,1215
37:00.4,,,0.07,,,,-0.045,
37:00.4,,,0.08,,,,-0.055,
37:00.4,,,0.075,,,,-0.045,
37:00.4,28,,0.07,27.125,47.5,85.688,-0.035,1210
37:00.4,,,0.065,,,,-0.025,
37:00.4,,,0.075,,,,-0.035,
37:00.4,,,0.07,,,,-0.025,
37:00.4,28.375,,0.08,27.562,49,82.75,-0.035,1203
37:00.4,,,0.085,,,,-0.035,
37:00.4,,,0.08,,,,-0.025,
37:00.4,,,0.085,,,,-0.025,
37:00.4,28.125,4.017,0.08,27.438,50.688,82.938,-0.015,1197
37:00.5,,,0.085,,,,-0.015,
37:00.5,,,0.08,,,,-0.005,
37:00.5,,,0.075,,,,0.005,
37:00.5,27.688,,0.08,27.438,52.312,87.125,0.005,1190
37:00.5,,,0.085,,,,0.005,
37:00.5,,,0.08,,,,0.015,
37:00.5,,,0.085,,,,0.015,
37:00.5,27.688,,0.08,27.875,53.812,93.438,0.025,1182
37:00.5,,,0.085,,,,0.025,
37:00.5,,,0.08,,,,0.035,
37:00.5,,,0.085,,,,0.035,
37:00.5,28.375,,0.08,28.812,55.312,98.625,0.045,1175
37:00.5,,,0.085,,,,0.045,
37:00.5,,,0.09,,,,0.045,
37:00.5,,,0.085,,,,0.055,
37:00.5,29.625,3.217,0.085,29.688,56.625,100.438,0.065,1167
37:00.5,,,0.08,,,,0.075,
37:00.5,,,0.085,,,,0.075,
37:00.5,,,0.075,,,,0.095,
37:00.5,30.938,,0.08,30.188,57.688,98.75,0.095,1158
37:00.5,,,0.085,,,,0.095,
37:00.5,,,0.085,,,,0.105,
37:00.5,,,0.08,,,,0.115,
37:00.5,31.875,,0.085,30.438,58.562,95.375,0.115,1149
37:00.5,,,0.085,,,,0.125,
37:00.5,,,0.085,,,,0.135,
37:00.5,,,0.085,,,,0.145,
37:00.5,32.312,,0.085,30.5,59.438,92.625,0.155,1140
37:00.5,,,0.085,,,,0.165,
37:00.5,,,0.095,,,,0.165,
37:00.5,,,0.095,,,,0.175,
37:00.5,32.562,2.7,0.09,30.688,60.625,92.125,0.195,1130
37:00.5,,,0.1,,,,0.195,
37:00.5,,,0.095,,,,0.215,
37:00.5,,,0.09,,,,0.235,
37:00.5,32.625,,0.1,30.938,62.062,94.125,0.235,1122
37:00.5,,,0.11,,,,0.235,
37:00.5,,,0.11,,,,0.245,
37:00.5,,,0.115,,,,0.255,
37:00.5,32.562,,0.115,31.25,63.562,97.688,0.265,1114
37:00.5,,,0.11,,,,0.285,
37:00.5,,,0.11,,,,0.295,
37:00.5,,,0.12,,,,0.295,
37:00.5,32.375,,0.12,31.5,64.938,101.188,0.305,1106
37:00.5,,,0.115,,,,0.325,
37:00.5,,,0.125,,,,0.325,
37:00.5,,,0.125,,,,0.335,
37:00.5,32.188,2.333,0.125,31.812,66.125,103.312,0.345,1099
37:00.5,,,0.12,,,,0.365,
37:00.6,,,0.135,,,,0.355,
37:00.6,,,0.13,,,,0.375,
37:00.6,32.062,,0.135,32.062,67.312,103.688,0.375,1091
37:00.6,,,0.135,,,,0.385,
37:00.6,,,0.14,,,,0.385,
37:00.6,,,0.14,,,,0.395,
37:00.6,32,,0.15,32.312,68.438,102.688,0.385,1083
37:00.6,,,0.15,,,,0.395,
37:00.6,,,0.16,,,,0.385,
37:00.6,,,0.165,,,,0.385,
37:00.6,32.125,,0.165,32.438,69.5,101.25,0.385,1076
37:00.6,,,0.165,,,,0.385,
37:00.6,,,0.17,,,,0.375,
37:00.6,,,0.175,,,,0.365,
37:00.6,32.312,1.967,0.185,32.5,70.562,100.25,0.345,1068
37:00.6,,,0.18,,,,0.345,
37:00.6,,,0.18,,,,0.335,
37:00.6,,,0.18,,,,0.325,
37:00.6,32.5,,0.185,32.5,71.438,100.062,0.305,1061
37:00.6,,,0.19,,,,0.285,
37:00.6,,,0.185,,,,0.275,
37:00.6,,,0.195,,,,0.245,
37:00.6,32.688,,0.195,32.5,72.062,100.5,0.225,1057
37:00.6,,,0.19,,,,0.215,
37:00.6,,,0.195,,,,0.185,
37:00.6,,,0.185,,,,0.175,
37:00.6,32.75,,0.19,32.375,72.562,100.938,0.145,1059
37:00.6,,,0.185,,,,0.125,
37:00.6,,,0.18,,,,0.105,
37:00.6,,,0.185,,,,0.075,
37:00.6,32.75,1.467,0.185,32.25,72.938,100.625,0.045,1070
37:00.6,,,0.17,,,,0.035,
37:00.6,,,0.18,,,,-0.005,
37:00.6,,,0.175,,,,-0.025,
37:00.6,32.625,,0.17,32.062,73.125,99.438,-0.045,1090
37:00.6,,,0.165,,,,-0.065,
37:00.6,,,0.16,,,,-0.085,
37:00.6,,,0.155,,,,-0.105,
37:00.6,32.25,,0.15,31.688,73.25,97.625,-0.125,1124
37:00.6,,,0.145,,,,-0.145,
37:00.6,,,0.135,,,,-0.155,
37:00.6,,,0.135,,,,-0.175,
37:00.6,31.562,,0.125,31.188,73.312,95.625,-0.185,1173
37:00.6,,,0.125,,,,-0.205,
37:00.6,,,0.12,,,,-0.215,
37:00.6,,,0.12,,,,-0.235,
37:00.6,30.625,1.1,0.115,30.5,73.25,93.438,-0.245,1235
37:00.6,,,0.105,,,,-0.245,
37:00.6,,,0.1,,,,-0.255,
37:00.6,,,0.095,,,,-0.265,
37:00.6,29.5,,0.095,29.688,73.125,90.875,-0.275,1308
37:00.7,,,0.085,,,,-0.275,
37:00.7,,,0.085,,,,-0.285,
37:00.7,,,0.075,,,,-0.285,
37:00.7,28.312,,0.085,28.938,72.812,87.562,-0.305,1389
37:00.7,,,0.07,,,,-0.295,
37:00.7,,,0.065,,,,-0.295,
37:00.7,,,0.06,,,,-0.295,
37:00.7,27.188,,0.065,28.312,72.5,83.812,-0.305,1474
37:00.7,,,0.06,,,,-0.305,
37:00.7,,,0.055,,,,-0.305,
37:00.7,,,0.055,,,,-0.305,
37:00.7,26.125,1.1,0.055,27.688,72.188,80.188,-0.315,1557
37:00.7,,,0.045,,,,-0.305,
37:00.7,,,0.05,,,,-0.315,
37:00.7,,,0.04,,,,-0.305,
37:00.7,25.25,,0.045,27.125,71.875,77.25,-0.315,1640
37:00.7,,,0.035,,,,-0.305,
37:00.7,,,0.04,,,,-0.315,
37:00.7,,,0.03,,,,-0.305,
37:00.7,24.5,,0.03,26.625,71.5,75.125,-0.305,1722
37:00.7,,,0.03,,,,-0.305,
37:00.7,,,0.03,,,,-0.305,
37:00.7,,,0.02,,,,-0.295,
37:00.7,23.938,,0.02,26.25,71.062,73.688,-0.295,1805
37:00.7,,,0.02,,,,-0.295,
37:00.7,,,0.02,,,,-0.295,
37:00.7,,,0.02,,,,-0.295,
37:00.7,23.5,0.883,0.03,26.062,70.438,72.312,-0.305,1942
37:00.7,,,0.03,,,,-0.305,
37:00.7,,,0.03,,,,-0.305,
37:00.7,,,0.03,,,,-0.305,
37:00.7,23.062,,0.03,25.938,69.75,70.562,-0.305,2106
37:00.7,,,0.03,,,,-0.305,
37:00.7,,,0.03,,,,-0.305,
37:00.7,,,0.03,,,,-0.305,
37:00.7,22.5,,0.03,25.75,68.812,68.5,-0.305,2233
37:00.7,,,0.03,,,,-0.305,
37:00.7,,,0.03,,,,-0.305,
37:00.7,,,0.03,,,,-0.305,
37:00.7,21.688,,0.03,25.5,67.688,66.562,-0.305,2341
37:00.7,,,0.025,,,,-0.295,
37:00.7,,,0.025,,,,-0.295,
37:00.7,,,0.025,,,,-0.295,
37:00.7,20.625,0.733,0.025,25.188,66.25,65.375,-0.295,2438
37:00.7,,,0.025,,,,-0.295,
37:00.7,,,0.035,,,,-0.305,
37:00.7,,,0.035,,,,-0.305,
37:00.7,19.312,,0.035,24.875,64.75,65.312,-0.305,2525
37:00.7,,,0.03,,,,-0.295,
37:00.7,,,0.04,,,,-0.305,
37:00.8,,,0.04,,,,-0.305,
37:00.8,17.812,,0.04,24.688,63.375,66,-0.305,2603
37:00.8,,,0.035,,,,-0.295,
37:00.8,,,0.035,,,,-0.295,
37:00.8,,,0.035,,,,-0.295,
37:00.8,16.312,,0.035,24.562,62.188,66.625,-0.295,2672
37:00.8,,,0.035,,,,-0.295,
37:00.8,,,0.035,,,,-0.295,
37:00.8,,,0.03,,,,-0.285,
37:00.8,14.812,0.65,0.03,24.438,61.188,66.312,-0.285,2729
37:00.8,,,0.025,,,,-0.275,
37:00.8,,,0.035,,,,-0.285,
37:00.8,,,0.035,,,,-0.285,
37:00.8,13.625,,0.035,24.375,60.188,64.875,-0.285,2773
37:00.8,,,0.03,,,,-0.275,
37:00.8,,,0.03,,,,-0.275,
37:00.8,,,0.03,,,,-0.275,
37:00.8,12.688,,0.03,24.25,59.25,62.625,-0.275,2804
37:00.8,,,0.03,,,,-0.275,
37:00.8,,,0.04,,,,-0.285,
37:00.8,,,0.035,,,,-0.275,
37:00.8,11.938,,0.035,24,58.438,60.25,-0.275,2822
37:00.8,,,0.035,,,,-0.275,
37:00.8,,,0.035,,,,-0.275,
37:00.8,,,0.03,,,,-0.265,
37:00.8,11.25,0.65,0.035,23.562,57.75,58.312,-0.265,2828
37:00.8,,,0.035,,,,-0.265,
37:00.8,,,0.035,,,,-0.265,
37:00.8,,,0.03,,,,-0.255,
37:00.8,10.688,,0.03,22.938,57.188,57.188,-0.255,2823
37:00.8,,,0.03,,,,-0.255,
37:00.8,,,0.035,,,,-0.255,
37:00.8,,,0.035,,,,-0.255,
37:00.8,10.188,,0.035,22.375,56.688,56.688,-0.255,2814
37:00.8,,,0.035,,,,-0.255,
37:00.8,,,0.045,,,,-0.265,
37:00.8,,,0.04,,,,-0.255,
37:00.8,9.812,,0.04,21.938,56.188,56.562,-0.255,2804
37:00.8,,,0.04,,,,-0.255,
37:00.8,,,0.05,,,,-0.265,
37:00.8,,,0.045,,,,-0.255,
37:00.8,9.562,0.65,0.045,21.688,55.625,56.438,-0.255,2796
37:00.8,,,0.04,,,,-0.245,
37:00.8,,,0.04,,,,-0.245,
37:00.8,,,0.04,,,,-0.245,
37:00.8,9.375,,0.04,21.562,55,56.25,-0.245,2793
37:00.8,,,0.035,,,,-0.235,
37:00.8,,,0.035,,,,-0.235,
37:00.8,,,0.035,,,,-0.235,
37:00.9,9.375,,0.035,21.562,54.312,55.875,-0.235,2797
37:00.9,,,0.035,,,,-0.235,
37:00.9,,,0.035,,,,-0.235,
37:00.9,,,0.035,,,,-0.235,
37:00.9,9.5,,0.045,21.688,53.625,55.438,-0.245,2808
37:00.9,,,0.04,,,,-0.235,
37:00.9,,,0.04,,,,-0.235,
37:00.9,,,0.04,,,,-0.235,
37:00.9,9.625,0.583,0.04,21.75,52.938,55.062,-0.235,2826
37:00.9,,,0.04,,,,-0.235,
37:00.9,,,0.04,,,,-0.235,
37:00.9,,,0.04,,,,-0.235,
37:00.9,9.812,,0.04,21.812,52.25,54.812,-0.235,2853
37:00.9,,,0.035,,,,-0.225,
37:00.9,,,0.035,,,,-0.225,
37:00.9,,,0.035,,,,-0.225,
37:00.9,9.938,,0.035,21.812,51.625,54.5,-0.225,2886
37:00.9,,,0.03,,,,-0.215,
37:00.9,,,0.03,,,,-0.215,
37:00.9,,,0.03,,,,-0.215,
37:00.9,10.062,,0.04,21.625,51.125,54.062,-0.225,2917
37:00.9,,,0.04,,,,-0.225,
37:00.9,,,0.04,,,,-0.225,
37:00.9,,,0.035,,,,-0.215,
37:00.9,10.125,0.583,0.035,21.375,50.75,53.5,-0.215,2944
37:00.9,,,0.035,,,,-0.215,
37:00.9,,,0.035,,,,-0.215,
37:00.9,,,0.035,,,,-0.215,
37:00.9,10.125,,0.035,21.062,50.562,52.75,-0.215,2963
37:00.9,,,0.035,,,,-0.215,
37:00.9,,,0.035,,,,-0.215,
37:00.9,,,0.03,,,,-0.205,
37:00.9,10.188,,0.04,20.812,50.375,52,-0.215,2973
37:00.9,,,0.04,,,,-0.215,
37:00.9,,,0.04,,,,-0.215,
37:00.9,,,0.04,,,,-0.215,
37:00.9,10.188,,0.05,20.5,50.125,51.375,-0.225,2972
37:00.9,,,0.045,,,,-0.215,
37:00.9,,,0.04,,,,-0.205,
37:00.9,,,0.04,,,,-0.205,
37:00.9,10.188,0.517,0.05,20.25,49.875,51,-0.215,2961
37:00.9,,,0.045,,,,-0.205,
37:00.9,,,0.045,,,,-0.205,
37:00.9,,,0.055,,,,-0.215,
37:00.9,10.125,,0.055,20,49.562,50.812,-0.215,2943
37:00.9,,,0.05,,,,-0.205,
37:00.9,,,0.06,,,,-0.215,
37:00.9,,,0.055,,,,-0.205,
37:00.9,10.125,,0.065,19.75,49.375,50.688,-0.215,2918
37:00.9,,,0.065,,,,-0.215,
37:01.0,,,0.075,,,,-0.225,
37:01.0,,,0.07,,,,-0.215,
37:01.0,10.188,,0.07,19.562,49.25,50.5,-0.215,2887
37:01.0,,,0.065,,,,-0.205,
37:01.0,,,0.065,,,,-0.205,
37:01.0,,,0.065,,,,-0.205,
37:01.0,10.188,0.517,0.07,19.438,49.125,50.188,-0.205,2853
37:01.0,,,0.07,,,,-0.205,
37:01.0,,,0.065,,,,-0.195,
37:01.0,,,0.065,,,,-0.195,
37:01.0,10.25,,0.065,19.312,49,49.875,-0.185,2819
37:01.0,,,0.06,,,,-0.175,
37:01.0,,,0.07,,,,-0.185,
37:01.0,,,0.065,,,,-0.175,
37:01.0,10.375,,0.07,19.312,48.812,49.562,-0.175,2787
37:01.0,,,0.065,,,,-0.165,
37:01.0,,,0.06,,,,-0.155,
37:01.0,,,0.06,,,,-0.155,
37:01.0,10.5,,0.06,19.312,48.625,49.25,-0.155,2756
37:01.0,,,0.055,,,,-0.145,
37:01.0,,,0.055,,,,-0.145,
37:01.0,,,0.055,,,,-0.145,
37:01.0,10.625,0.517,0.06,19.25,48.312,48.938,-0.155,2724
37:01.0,,,0.06,,,,-0.155,
37:01.0,,,0.065,,,,-0.165,
37:01.0,,,0.055,,,,-0.155,
37:01.0,10.688,,0.06,19.125,47.938,48.688,-0.165,2694
37:01.0,,,0.06,,,,-0.165,
37:01.0,,,0.065,,,,-0.175,
37:01.0,,,0.055,,,,-0.165,
37:01.0,10.75,,0.06,19.062,47.625,48.438,-0.175,2668
37:01.0,,,0.05,,,,-0.165,
37:01.0,,,0.05,,,,-0.165,
37:01.0,,,0.055,,,,-0.175,
37:01.0,10.875,,0.055,18.938,47.438,48.188,-0.175,2645
37:01.0,,,0.045,,,,-0.165,
37:01.0,,,0.045,,,,-0.165,
37:01.0,,,0.045,,,,-0.165,
37:01.0,11.062,0.517,0.05,18.812,47.438,47.938,-0.175,2624
37:01.0,,,0.05,,,,-0.175,
37:01.0,,,0.055,,,,-0.185,
37:01.0,,,0.045,,,,-0.175,
37:01.0,11.25,,0.045,18.688,47.312,47.625,-0.175,2602
37:01.0,,,0.045,,,,-0.175,
37:01.0,,,0.045,,,,-0.175,
37:01.0,,,0.04,,,,-0.175,
37:01.0,11.438,,0.04,18.5,47.062,47.375,-0.175,2580
37:01.0,,,0.03,,,,-0.165,
37:01.0,,,0.035,,,,-0.175,
37:01.0,,,0.035,,,,-0.175,
37:01.1,11.625,,0.035,18.312,46.688,47.062,-0.175,2557
37:01.1,,,0.035,,,,-0.175,
37:01.1,,,0.035,,,,-0.175,
37:01.1,,,0.035,,,,-0.175,
37:01.1,11.75,0.433,0.035,18.062,46.312,46.812,-0.175,2532
37:01.1,,,0.035,,,,-0.175,
37:01.1,,,0.035,,,,-0.175,
37:01.1,,,0.035,,,,-0.175,
37:01.1,11.875,,0.035,17.875,46,46.562,-0.175,2504
37:01.1,,,0.035,,,,-0.175,
37:01.1,,,0.035,,,,-0.175,
37:01.1,,,0.035,,,,-0.175,
37:01.1,12,,0.035,17.688,45.688,46.375,-0.175,2475
37:01.1,,,0.035,,,,-0.175,
37:01.1,,,0.035,,,,-0.175,
37:01.1,,,0.035,,,,-0.175,
37:01.1,12.125,,0.035,17.562,45.5,46.125,-0.175,2445
37:01.1,,,0.035,,,,-0.175,
37:01.1,,,0.035,,,,-0.175,
37:01.1,,,0.03,,,,-0.165,
37:01.1,12.312,0.433,0.04,17.375,45.375,45.938,-0.175,2412
37:01.1,,,0.04,,,,-0.175,
37:01.1,,,0.04,,,,-0.175,
37:01.1,,,0.04,,,,-0.175,
37:01.1,12.5,,0.04,17.312,45.312,45.688,-0.175,2377
37:01.1,,,0.04,,,,-0.175,
37:01.1,,,0.04,,,,-0.175,
37:01.1,,,0.04,,,,-0.175,
37:01.1,12.688,,0.045,17.25,45.25,45.5,-0.175,2342
37:01.1,,,0.045,,,,-0.175,
37:01.1,,,0.045,,,,-0.165,
37:01.1,,,0.04,,,,-0.155,
37:01.1,13,,0.04,17.188,45.062,45.25,-0.145,2307
37:01.1,,,0.05,,,,-0.145,
37:01.1,,,0.055,,,,-0.135,
37:01.1,,,0.05,,,,-0.115,
37:01.1,13.312,0.433,0.06,17.188,44.688,45,-0.105,2273
37:01.1,,,0.07,,,,-0.095,
37:01.1,,,0.075,,,,-0.075,
37:01.1,,,0.085,,,,-0.065,
37:01.1,13.625,,0.09,17.188,44.312,44.688,-0.045,2239
37:01.1,,,0.105,,,,-0.035,
37:01.1,,,0.115,,,,-0.025,
37:01.1,,,0.13,,,,-0.015,
37:01.1,13.875,,0.145,17.25,44,44.438,-0.005,2208
37:01.1,,,0.16,,,,0.005,
37:01.1,,,0.165,,,,0.025,
37:01.1,,,0.16,,,,0.055,
37:01.1,14.125,,0.16,17.312,43.812,44.25,0.075,2178
37:01.1,,,0.145,,,,0.115,
37:01.2,,,0.125,,,,0.155,
37:01.2,,,0.105,,,,0.195,
37:01.2,14.312,0.433,0.08,17.375,43.75,44.188,0.235,2149
37:01.2,,,0.045,,,,0.285,
37:01.2,,,0.02,,,,0.315,
37:01.2,,,-0.005,,,,0.345,
37:01.2,14.438,,-0.02,17.375,43.812,44.312,0.355,2123
37:01.2,,,-0.045,,,,0.375,
37:01.2,,,-0.05,,,,0.365,
37:01.2,,,-0.07,,,,0.375,
37:01.2,14.5,,-0.07,17.312,43.938,44.438,0.345,2097
37:01.2,,,-0.065,,,,0.315,
37:01.2,,,-0.06,,,,0.275,
37:01.2,,,-0.06,,,,0.245,
37:01.2,14.5,,-0.06,17.188,43.938,44.5,0.215,2070
37:01.2,,,-0.06,,,,0.185,
37:01.2,,,-0.04,,,,0.135,
37:01.2,,,-0.05,,,,0.125,
37:01.2,14.375,0.433,-0.04,17.062,43.812,44.438,0.095,2043
37:01.2,,,-0.035,,,,0.075,
37:01.2,,,-0.035,,,,0.065,
37:01.2,,,-0.035,,,,0.055,
37:01.2,14.125,,-0.03,16.938,43.5,44.125,0.045,2017
37:01.2,,,-0.035,,,,0.045,
37:01.2,,,-0.03,,,,0.035,
37:01.2,,,-0.025,,,,0.025,
37:01.2,13.938,,-0.02,16.875,43.25,43.688,0.015,1990
37:01.2,,,-0.03,,,,0.025,
37:01.2,,,-0.025,,,,0.015,
37:01.2,,,-0.015,,,,-0.005,
37:01.2,13.688,,-0.01,16.875,43.062,43.188,-0.015,1961
37:01.2,,,-0.015,,,,-0.015,
37:01.2,,,-0.005,,,,-0.035,
37:01.2,,,0,,,,-0.045,
37:01.2,13.625,0.367,0.005,16.938,42.875,42.688,-0.055,1932
37:01.2,,,0,,,,-0.055,
37:01.2,,,0.005,,,,-0.065,
37:01.2,,,0,,,,-0.065,
37:01.2,13.625,,0,16.938,42.688,42.25,-0.065,1903
37:01.2,,,0.005,,,,-0.075,
37:01.2,,,0.005,,,,-0.075,
37:01.2,,,0.01,,,,-0.085,
37:01.2,13.75,,0.01,16.812,42.562,42,-0.085,1876
37:01.2,,,0.015,,,,-0.095,
37:01.2,,,0.015,,,,-0.095,
37:01.2,,,0.015,,,,-0.095,
37:01.2,14,,0.025,16.75,42.375,41.875,-0.105,1850
37:01.2,,,0.035,,,,-0.115,
37:01.2,,,0.035,,,,-0.115,
37:01.2,,,0.035,,,,-0.115,
37:01.3,14.5,0.367,0.04,17.062,42.188,41.875,-0.115,1825
37:01.3,,,0.04,,,,-0.115,
37:01.3,,,0.05,,,,-0.125,
37:01.3,,,0.045,,,,-0.115,
37:01.3,15.375,,0.055,17.75,42,41.875,-0.125,1800
37:01.3,,,0.055,,,,-0.125,
37:01.3,,,0.055,,,,-0.125,
37:01.3,,,0.05,,,,-0.115,
37:01.3,16.625,,0.06,18.562,41.812,41.875,-0.125,1775
37:01.3,,,0.06,,,,-0.125,
37:01.3,,,0.07,,,,-0.135,
37:01.3,,,0.07,,,,-0.135,
37:01.3,18,,0.07,19,41.688,41.938,-0.135,1752
37:01.3,,,0.065,,,,-0.125,
37:01.3,,,0.065,,,,-0.125,
37:01.3,,,0.065,,,,-0.125,
37:01.3,19.312,0.367,0.065,19.125,41.562,42.062,-0.125,1730
37:01.3,,,0.06,,,,-0.115,
37:01.3,,,0.07,,,,-0.125,
37:01.3,,,0.065,,,,-0.115,
37:01.3,20.438,,0.065,19.062,41.438,42.312,-0.115,1713
37:01.3,,,0.06,,,,-0.105,
37:01.3,,,0.07,,,,-0.115,
37:01.3,,,0.07,,,,-0.115,
37:01.3,21.25,,0.07,19,41.312,42.625,-0.115,1699
37:01.3,,,0.065,,,,-0.105,
37:01.3,,,0.075,,,,-0.115,
37:01.3,,,0.075,,,,-0.115,
37:01.3,21.75,,0.085,18.875,41.188,43.438,-0.125,1685
37:01.3,,,0.08,,,,-0.115,
37:01.3,,,0.075,,,,-0.105,
37:01.3,,,0.075,,,,-0.105,
37:01.3,22.125,0.367,0.075,18.625,41.188,45.438,-0.105,1673
37:01.3,,,0.075,,,,-0.105,
37:01.3,,,0.075,,,,-0.105,
37:01.3,,,0.07,,,,-0.095,
37:01.3,22.625,,0.07,18.562,41.375,49.875,-0.095,1662
37:01.3,,,0.07,,,,-0.095,
37:01.3,,,0.08,,,,-0.105,
37:01.3,,,0.075,,,,-0.095,
37:01.3,23.312,,0.075,19,41.812,57.625,-0.095,1651
37:01.3,,,0.07,,,,-0.085,
37:01.3,,,0.075,,,,-0.085,
37:01.3,,,0.075,,,,-0.085,
37:01.3,24.125,,0.08,20.125,42.625,68.062,-0.085,1641
37:01.3,,,0.075,,,,-0.075,
37:01.3,,,0.085,,,,-0.085,
37:01.3,,,0.08,,,,-0.075,
37:01.3,25,0.367,0.08,21.812,43.75,78.938,-0.075,1631
37:01.3,,,0.075,,,,-0.065,
37:01.4,,,0.08,,,,-0.065,
37:01.4,,,0.08,,,,-0.065,
37:01.4,25.938,,0.08,23.562,45.125,87.25,-0.065,1620
37:01.4,,,0.075,,,,-0.055,
37:01.4,,,0.085,,,,-0.065,
37:01.4,,,0.08,,,,-0.055,
37:01.4,26.75,,0.08,25.188,46.625,91.062,-0.055,1607
37:01.4,,,0.07,,,,-0.035,
37:01.4,,,0.08,,,,-0.045,
37:01.4,,,0.075,,,,-0.035,
37:01.4,27.438,,0.075,26.5,48,90.562,-0.035,1596
37:01.4,,,0.07,,,,-0.025,
37:01.4,,,0.08,,,,-0.035,
37:01.4,,,0.085,,,,-0.035,
37:01.4,27.938,0.367,0.08,27.5,49.375,88,-0.025,1584
37:01.4,,,0.075,,,,-0.015,
37:01.4,,,0.08,,,,-0.015,
37:01.4,,,0.075,,,,-0.005,
37:01.4,28.438,,0.085,28.25,50.812,86,-0.015,1572
37:01.4,,,0.075,,,,0.005,
37:01.4,,,0.085,,,,-0.005,
37:01.4,,,0.09,,,,-0.005,
37:01.4,28.875,,0.085,28.812,52.375,86.25,0.005,1562
37:01.4,,,0.085,,,,0.005,
37:01.4,,,0.09,,,,0.005,
37:01.4,,,0.085,,,,0.015,
37:01.4,29.25,,0.09,29.188,54,88.938,0.015,1553
37:01.4,,,0.085,,,,0.025,
37:01.4,,,0.09,,,,0.025,
37:01.4,,,0.085,,,,0.035,
37:01.4,29.75,0.367,0.09,29.438,55.562,92.625,0.035,1546
37:01.4,,,0.095,,,,0.035,
37:01.4,,,0.09,,,,0.045,
37:01.4,,,0.095,,,,0.045,
37:01.4,30.25,,0.095,29.688,57.125,95.688,0.055,1538
37:01.4,,,0.09,,,,0.065,
37:01.4,,,0.095,,,,0.065,
37:01.4,,,0.095,,,,0.075,
37:01.4,30.875,,0.095,30.062,58.688,97.375,0.085,1529
37:01.4,,,0.085,,,,0.105,
37:01.4,,,0.09,,,,0.105,
37:01.4,,,0.09,,,,0.115,
37:01.4,31.562,,0.09,30.5,60.438,98.125,0.125,1520
37:01.4,,,0.095,,,,0.125,
37:01.4,,,0.095,,,,0.135,
37:01.4,,,0.085,,,,0.155,
37:01.4,32.25,0.367,0.09,31,62.125,98.562,0.155,1509
37:01.4,,,0.1,,,,0.155,
37:01.4,,,0.1,,,,0.165,
37:01.4,,,0.105,,,,0.165,
37:01.5,32.875,,0.1,31.562,63.562,99.062,0.185,1499
37:01.5,,,0.1,,,,0.195,
37:01.5,,,0.11,,,,0.195,
37:01.5,,,0.11,,,,0.205,
37:01.5,33.25,,0.105,32.125,64.875,99.438,0.225,1489
37:01.5,,,0.105,,,,0.235,
37:01.5,,,0.115,,,,0.235,
37:01.5,,,0.115,,,,0.245,
37:01.5,33.562,,0.12,32.625,66.125,99.625,0.255,1478
37:01.5,,,0.115,,,,0.275,
37:01.5,,,0.115,,,,0.285,
37:01.5,,,0.125,,,,0.285,
37:01.5,33.688,0.367,0.125,33,67.438,99.938,0.295,1466
37:01.5,,,0.12,,,,0.315,
37:01.5,,,0.13,,,,0.315,
37:01.5,,,0.125,,,,0.335,
37:01.5,33.812,,0.135,33.312,68.75,100.5,0.335,1455
37:01.5,,,0.135,,,,0.345,
37:01.5,,,0.135,,,,0.355,
37:01.5,,,0.135,,,,0.365,
37:01.5,33.812,,0.145,33.438,70.062,101.438,0.365,1444
37:01.5,,,0.145,,,,0.375,
37:01.5,,,0.15,,,,0.375,
37:01.5,,,0.15,,,,0.385,
37:01.5,33.875,,0.155,33.562,71.25,102.25,0.385,1433
37:01.5,,,0.15,,,,0.395,
37:01.5,,,0.155,,,,0.395,
37:01.5,,,0.165,,,,0.385,
37:01.5,33.938,0.367,0.165,33.625,72.312,102.5,0.385,1424
37:01.5,,,0.175,,,,0.375,
37:01.5,,,0.175,,,,0.375,
37:01.5,,,0.18,,,,0.365,
37:01.5,34,,0.185,33.688,73.188,102.062,0.355,1414
37:01.5,,,0.18,,,,0.355,
37:01.5,,,0.19,,,,0.335,
37:01.5,,,0.19,,,,0.325,
37:01.5,34,,0.19,33.75,74,101.188,0.315,1405
37:01.5,,,0.19,,,,0.305,
37:01.5,,,0.195,,,,0.285,
37:01.5,,,0.2,,,,0.265,
37:01.5,34.062,,0.195,33.75,74.75,100.25,0.255,1399
37:01.5,,,0.2,,,,0.235,
37:01.5,,,0.2,,,,0.215,
37:01.5,,,0.2,,,,0.195,
37:01.5,34,0.367,0.205,33.688,75.375,99.438,0.165,1395
37:01.5,,,0.2,,,,0.145,
37:01.5,,,0.195,,,,0.125,
37:01.5,,,0.2,,,,0.095,
37:01.5,33.875,,0.195,33.625,75.875,98.812,0.075,1392
37:01.5,,,0.19,,,,0.055,
37:01.6,,,0.185,,,,0.035,
37:01.6,,,0.18,,,,0.015,
37:01.6,33.625,,0.19,33.438,76.25,98.25,-0.025,1391
37:01.6,,,0.185,,,,-0.045,
37:01.6,,,0.18,,,,-0.065,
37:01.6,,,0.175,,,,-0.085,
37:01.6,33.312,,0.17,33.188,76.562,97.625,-0.105,1394
37:01.6,,,0.165,,,,-0.125,
37:01.6,,,0.16,,,,-0.145,
37:01.6,,,0.155,,,,-0.165,
37:01.6,32.875,0.367,0.145,32.875,76.688,96.688,-0.175,1399
37:01.6,,,0.15,,,,-0.205,
37:01.6,,,0.14,,,,-0.215,
37:01.6,,,0.135,,,,-0.225,
37:01.6,32.312,,0.135,32.5,76.688,95.125,-0.245,1409
37:01.6,,,0.13,,,,-0.255,
37:01.6,,,0.115,,,,-0.255,
37:01.6,,,0.11,,,,-0.265,
37:01.6,31.75,,0.1,32.062,76.625,93.188,-0.265,1427
37:01.6,,,0.105,,,,-0.285,
37:01.6,,,0.105,,,,-0.295,
37:01.6,,,0.095,,,,-0.295,
37:01.6,31.062,,0.09,31.562,76.438,90.875,-0.295,1454
37:01.6,,,0.08,,,,-0.295,
37:01.6,,,0.08,,,,-0.305,
37:01.6,,,0.075,,,,-0.305,
37:01.6,30.375,0.367,0.075,31.062,76.188,88.562,-0.315,1488
37:01.6,,,0.07,,,,-0.315,
37:01.6,,,0.065,,,,-0.315,
37:01.6,,,0.055,,,,-0.305,
37:01.6,29.625,,0.06,30.5,75.812,86.25,-0.315,1529
37:01.6,,,0.055,,,,-0.315,
37:01.6,,,0.055,,,,-0.315,
37:01.6,,,0.06,,,,-0.325,
37:01.6,28.812,,0.06,29.875,75.312,84,-0.325,1575
37:01.6,,,0.05,,,,-0.315,
37:01.6,,,0.055,,,,-0.325,
37:01.6,,,0.055,,,,-0.325,
37:01.6,27.938,,0.05,29.125,74.75,81.688,-0.325,1624
37:01.6,,,0.05,,,,-0.325,
37:01.6,,,0.05,,,,-0.325,
37:01.6,,,0.05,,,,-0.325,
37:01.6,27,0.367,0.05,28.375,74.062,79,-0.325,1703
37:01.6,,,0.04,,,,-0.315,
37:01.6,,,0.04,,,,-0.315,
37:01.6,,,0.04,,,,-0.315,
37:01.6,25.938,,0.04,27.562,73.188,76,-0.315,1760
37:01.6,,,0.04,,,,-0.315,
37:01.6,,,0.04,,,,-0.315,
37:01.6,,,0.04,,,,-0.315,
37:01.7,24.75,,0.04,26.688,72.062,72.625,-0.315,1820
37:01.7,,,0.04,,,,-0.315,
37:01.7,,,0.04,,,,-0.315,
37:01.7,,,0.04,,,,-0.315,
37:01.7,23.5,,0.05,25.875,70.75,69.062,-0.325,1951
37:01.7,,,0.045,,,,-0.315,
37:01.7,,,0.045,,,,-0.315,
37:01.7,,,0.045,,,,-0.315,
37:01.7,22.188,0.367,0.045,25.062,69.312,65.812,-0.315,2020
37:01.7,,,0.04,,,,-0.305,
37:01.7,,,0.04,,,,-0.305,
37:01.7,,,0.04,,,,-0.305,
37:01.7,20.688,,0.04,24.375,67.688,63.438,-0.305,2089
37:01.7,,,0.04,,,,-0.305,
37:01.7,,,0.04,,,,-0.305,
37:01.7,,,0.04,,,,-0.305,
37:01.7,19.25,,0.04,24,66.062,62.5,-0.305,2217
37:01.7,,,0.035,,,,-0.295,
37:01.7,,,0.045,,,,-0.305,
37:01.7,,,0.045,,,,-0.305,
37:01.7,17.812,,0.045,23.938,64.625,62.938,-0.305,2276
37:01.7,,,0.045,,,,-0.305,
37:01.7,,,0.045,,,,-0.305,
37:01.7,,,0.045,,,,-0.305,
37:01.7,16.562,0.3,0.04,24.125,63.375,64.062,-0.295,2330
37:01.7,,,0.035,,,,-0.285,
37:01.7,,,0.035,,,,-0.285,
37:01.7,,,0.035,,,,-0.285,
37:01.7,15.375,,0.045,24.438,62.312,64.812,-0.295,2410
37:01.7,,,0.04,,,,-0.285,
37:01.7,,,0.04,,,,-0.285,
37:01.7,,,0.04,,,,-0.285,
37:01.7,14.312,,0.04,24.812,61.375,64.438,-0.285,2459
37:01.7,,,0.04,,,,-0.285,
37:01.7,,,0.04,,,,-0.285,
37:01.7,,,0.035,,,,-0.275,
37:01.7,13.562,,0.035,25.062,60.5,62.938,-0.275,2505
37:01.7,,,0.035,,,,-0.275,
37:01.7,,,0.045,,,,-0.285,
37:01.7,,,0.04,,,,-0.275,
37:01.7,12.875,0.3,0.04,25.188,59.75,60.938,-0.275,2549
37:01.7,,,0.04,,,,-0.275,
37:01.7,,,0.04,,,,-0.275,
37:01.7,,,0.04,,,,-0.275,
37:01.7,12.25,,0.04,25.062,59.062,59.188,-0.275,2590
37:01.7,,,0.04,,,,-0.275,
37:01.7,,,0.04,,,,-0.275,
37:01.7,,,0.035,,,,-0.265,
37:01.7,11.688,,0.035,24.688,58.5,58.125,-0.265,2628
37:01.7,,,0.035,,,,-0.265,
37:01.8,,,0.035,,,,-0.265,
37:01.8,,,0.03,,,,-0.255,
37:01.8,11.125,,0.04,24.125,57.875,57.75,-0.265,2662
37:01.8,,,0.04,,,,-0.265,
37:01.8,,,0.04,,,,-0.265,
37:01.8,,,0.035,,,,-0.255,
37:01.8,10.625,0.3,0.035,23.5,57.375,57.75,-0.255,2691
37:01.8,,,0.035,,,,-0.255,
37:01.8,,,0.035,,,,-0.255,
37:01.8,,,0.03,,,,-0.245,
37:01.8,10.188,,0.04,23,56.812,57.688,-0.255,2717
37:01.8,,,0.04,,,,-0.255,
37:01.8,,,0.04,,,,-0.255,
37:01.8,,,0.04,,,,-0.255,
37:01.8,9.875,,0.04,22.688,56.25,57.25,-0.255,2739
37:01.8,,,0.035,,,,-0.245,
37:01.8,,,0.035,,,,-0.245,
37:01.8,,,0.035,,,,-0.245,
37:01.8,9.75,,0.035,22.438,55.688,56.438,-0.245,2757
37:01.8,,,0.035,,,,-0.245,
37:01.8,,,0.045,,,,-0.255,
37:01.8,,,0.045,,,,-0.255,
37:01.8,9.688,0.3,0.045,22.375,55.188,55.438,-0.255,2770
37:01.8,,,0.04,,,,-0.245,
37:01.8,,,0.04,,,,-0.245,
37:01.8,,,0.04,,,,-0.245,
37:01.8,9.75,,0.05,22.312,54.625,54.562,-0.255,2776
37:01.8,,,0.05,,,,-0.255,
37:01.8,,,0.05,,,,-0.255,
37:01.8,,,0.045,,,,-0.245,
37:01.8,9.812,,0.045,22.312,54.125,53.875,-0.245,2773
37:01.8,,,0.045,,,,-0.245,
37:01.8,,,0.045,,,,-0.245,
37:01.8,,,0.045,,,,-0.245,
37:01.8,9.875,,0.045,22.188,53.625,53.375,-0.245,2766
37:01.8,,,0.04,,,,-0.235,
37:01.8,,,0.04,,,,-0.235,
37:01.8,,,0.04,,,,-0.235,
37:01.8,9.875,0.3,0.04,22.125,53.125,53.062,-0.235,2744
37:01.8,,,0.035,,,,-0.225,
37:01.8,,,0.035,,,,-0.225,
37:01.8,,,0.03,,,,-0.215,
37:01.8,9.938,,0.04,22.062,52.625,52.688,-0.225,2721
37:01.8,,,0.04,,,,-0.225,
37:01.8,,,0.04,,,,-0.225,
37:01.8,,,0.04,,,,-0.225,
37:01.8,9.938,,0.05,21.875,52.125,52.312,-0.235,2694
37:01.8,,,0.05,,,,-0.235,
37:01.8,,,0.05,,,,-0.235,
37:01.8,,,0.045,,,,-0.225,
37:01.9,10,,0.045,21.688,51.625,51.812,-0.225,2662
37:01.9,,,0.04,,,,-0.215,
37:01.9,,,0.05,,,,-0.225,
37:01.9,,,0.05,,,,-0.225,
37:01.9,10.062,0.3,0.05,21.375,51.25,51.375,-0.225,2627
37:01.9,,,0.045,,,,-0.215,
37:01.9,,,0.055,,,,-0.225,
37:01.9,,,0.05,,,,-0.215,
37:01.9,10.062,,0.05,21,50.875,50.938,-0.215,2589
37:01.9,,,0.05,,,,-0.215,
37:01.9,,,0.06,,,,-0.225,
37:01.9,,,0.055,,,,-0.215,
37:01.9,10.062,,0.055,20.688,50.5,50.625,-0.215,2549
37:01.9,,,0.055,,,,-0.215,
37:01.9,,,0.055,,,,-0.215,
37:01.9,,,0.05,,,,-0.205,
37:01.9,10.062,,0.06,20.438,50.188,50.375,-0.215,2507
37:01.9,,,0.055,,,,-0.205,
37:01.9,,,0.055,,,,-0.205,
37:01.9,,,0.055,,,,-0.205,
37:01.9,10.062,0.3,0.065,20.25,49.875,50.188,-0.215,2464
37:01.9,,,0.06,,,,-0.205,
37:01.9,,,0.055,,,,-0.195,
37:01.9,,,0.055,,,,-0.195,
37:01.9,10.125,,0.06,20.062,49.562,50.062,-0.195,2421
37:01.9,,,0.055,,,,-0.185,
37:01.9,,,0.06,,,,-0.185,
37:01.9,,,0.055,,,,-0.175,
37:01.9,10.188,,0.06,19.938,49.312,49.875,-0.175,2380
37:01.9,,,0.065,,,,-0.175,
37:01.9,,,0.06,,,,-0.165,
37:01.9,,,0.055,,,,-0.155,
37:01.9,10.312,,0.065,19.812,49,49.625,-0.165,2340
37:01.9,,,0.06,,,,-0.155,
37:01.9,,,0.06,,,,-0.155,
37:01.9,,,0.05,,,,-0.145,
37:01.9,10.375,0.3,0.055,19.688,48.688,49.188,-0.155,2301
37:01.9,,,0.06,,,,-0.165,
37:01.9,,,0.06,,,,-0.165,
37:01.9,,,0.06,,,,-0.165,
37:01.9,10.5,,0.065,19.562,48.5,48.75,-0.175,2263
37:01.9,,,0.065,,,,-0.175,
37:01.9,,,0.07,,,,-0.185,
37:01.9,,,0.06,,,,-0.175,
37:01.9,10.562,,0.06,19.438,48.312,48.5,-0.175,2226
37:01.9,,,0.05,,,,-0.165,
37:01.9,,,0.055,,,,-0.175,
37:01.9,,,0.055,,,,-0.175,
37:01.9,10.688,,0.05,19.188,48.062,48.375,-0.175,2191
37:01.9,,,0.05,,,,-0.175,
37:02.0,,,0.055,,,,-0.185,
37:02.0,,,0.045,,,,-0.175,
37:02.0,10.688,0.3,0.05,18.812,47.812,48.312,-0.185,2158
37:02.0,,,0.04,,,,-0.175,
37:02.0,,,0.04,,,,-0.175,
37:02.0,,,0.03,,,,-0.165,
37:02.0,10.625,,0.03,18.5,47.5,48.125,-0.165,2125
37:02.0,,,0.03,,,,-0.165,
37:02.0,,,0.035,,,,-0.175,
37:02.0,,,0.035,,,,-0.175,
37:02.0,10.625,,0.035,18.375,47.25,47.75,-0.175,2095
37:02.0,,,0.025,,,,-0.165,
37:02.0,,,0.025,,,,-0.165,
37:02.0,,,0.025,,,,-0.165,
37:02.0,10.688,,0.03,18.375,47.062,47.125,-0.175,2067
37:02.0,,,0.03,,,,-0.175,
37:02.0,,,0.03,,,,-0.175,
37:02.0,,,0.03,,,,-0.175,
37:02.0,10.938,0.3,0.035,18.438,46.812,46.438,-0.185,2039
37:02.0,,,0.035,,,,-0.185,
37:02.0,,,0.035,,,,-0.185,
37:02.0,,,0.035,,,,-0.185,
37:02.0,11.188,,0.035,18.438,46.562,46,-0.185,2013
37:02.0,,,0.035,,,,-0.185,
37:02.0,,,0.035,,,,-0.185,
37:02.0,,,0.03,,,,-0.175,
37:02.0,11.438,,0.03,18.25,46.375,45.875,-0.175,1989
37:02.0,,,0.03,,,,-0.175,
37:02.0,,,0.04,,,,-0.185,
37:02.0,,,0.035,,,,-0.175,
37:02.0,11.75,,0.035,18.125,46.125,46.062,-0.175,1965
37:02.0,,,0.035,,,,-0.175,
37:02.0,,,0.035,,,,-0.175,
37:02.0,,,0.035,,,,-0.175,
37:02.0,12.125,0.3,0.035,18.062,45.938,46.25,-0.175,1942
37:02.0,,,0.035,,,,-0.175,
37:02.0,,,0.035,,,,-0.175,
37:02.0,,,0.03,,,,-0.165,
37:02.0,12.438,,0.04,18,45.688,46.312,-0.175,1920
37:02.0,,,0.04,,,,-0.175,
37:02.0,,,0.04,,,,-0.175,
37:02.0,,,0.04,,,,-0.175,
37:02.0,12.75,,0.04,18,45.438,46.062,-0.175,1899
37:02.0,,,0.04,,,,-0.175,
37:02.0,,,0.05,,,,-0.185,
37:02.0,,,0.045,,,,-0.175,
37:02.0,13,,0.05,17.875,45.25,45.625,-0.175,1880
37:02.0,,,0.045,,,,-0.165,
37:02.0,,,0.045,,,,-0.155,
37:02.0,,,0.05,,,,-0.145,
37:02.1,13.25,0.3,0.055,17.812,45.062,45.125,-0.135,1863
37:02.1,,,0.045,,,,-0.105,
37:02.1,,,0.055,,,,-0.095,
37:02.1,,,0.065,,,,-0.085,
37:02.1,13.5,,0.075,17.75,44.812,44.562,-0.075,1849
37:02.1,,,0.08,,,,-0.055,
37:02.1,,,0.095,,,,-0.045,
37:02.1,,,0.11,,,,-0.035,
37:02.1,13.75,,0.13,17.75,44.562,44.25,-0.035,1834
37:02.1,,,0.14,,,,-0.015,
37:02.1,,,0.145,,,,0.005,
37:02.1,,,0.16,,,,0.015,
37:02.1,13.938,,0.155,17.75,44.25,44.062,0.045,1817
37:02.1,,,0.155,,,,0.065,
37:02.1,,,0.14,,,,0.105,
37:02.1,,,0.125,,,,0.145,
37:02.1,14,0.3,0.1,17.625,44.125,44,0.185,1800
37:02.1,,,0.07,,,,0.235,
37:02.1,,,0.045,,,,0.275,
37:02.1,,,0.02,,,,0.315,
37:02.1,13.938,,-0.005,17.438,44,44,0.345,1779
37:02.1,,,-0.03,,,,0.375,
37:02.1,,,-0.045,,,,0.385,
37:02.1,,,-0.06,,,,0.395,
37:02.1,13.812,,-0.07,17.188,43.875,44,0.385,1756
37:02.1,,,-0.07,,,,0.365,
37:02.1,,,-0.07,,,,0.335,
37:02.1,,,-0.065,,,,0.305,
37:02.1,13.625,,-0.06,16.875,43.75,43.938,0.265,1733
37:02.1,,,-0.065,,,,0.235,
37:02.1,,,-0.055,,,,0.195,
37:02.1,,,-0.055,,,,0.165,
37:02.1,13.312,0.3,-0.04,16.625,43.562,43.75,0.125,1712
37:02.1,,,-0.045,,,,0.105,
37:02.1,,,-0.04,,,,0.085,
37:02.1,,,-0.035,,,,0.065,
37:02.1,13,,-0.035,16.438,43.312,43.5,0.055,1691
37:02.1,,,-0.03,,,,0.045,
37:02.1,,,-0.02,,,,0.025,
37:02.1,,,-0.025,,,,0.025,
37:02.1,12.75,,-0.025,16.375,43.062,43.312,0.025,1672
37:02.1,,,-0.02,,,,0.015,
37:02.1,,,-0.015,,,,0.005,
37:02.1,,,-0.015,,,,0.005,
37:02.1,12.625,,-0.005,16.5,42.938,43.062,-0.015,1653
37:02.1,,,-0.01,,,,-0.015,
37:02.1,,,-0.005,,,,-0.025,
37:02.1,,,-0.01,,,,-0.025,
37:02.1,12.688,0.3,-0.005,16.75,42.812,42.812,-0.035,1635
37:02.1,,,0,,,,-0.045,
37:02.2,,,0.005,,,,-0.055,
37:02.2,,,0.005,,,,-0.065,
37:02.2,12.875,,0.01,17.188,42.688,42.5,-0.075,1617
37:02.2,,,0,,,,-0.065,
37:02.2,,,0.005,,,,-0.075,
37:02.2,,,0.005,,,,-0.075,
37:02.2,13.25,,0.01,17.5,42.562,42.125,-0.085,1600
37:02.2,,,0.01,,,,-0.085,
37:02.2,,,0.025,,,,-0.105,
37:02.2,,,0.025,,,,-0.105,
37:02.2,13.75,,0.03,17.625,42.438,41.812,-0.115,1584
37:02.2,,,0.03,,,,-0.115,
37:02.2,,,0.04,,,,-0.125,
37:02.2,,,0.04,,,,-0.125,
37:02.2,14.312,0.3,0.045,17.812,42.312,41.5,-0.135,1569
37:02.2,,,0.045,,,,-0.135,
37:02.2,,,0.045,,,,-0.135,
37:02.2,,,0.045,,,,-0.135,
37:02.2,15.188,,0.055,18.188,42.125,41.375,-0.145,1557
37:02.2,,,0.055,,,,-0.145,
37:02.2,,,0.05,,,,-0.135,
37:02.2,,,0.05,,,,-0.135,
37:02.2,16.25,,0.06,18.75,41.938,41.375,-0.145,1546
37:02.2,,,0.055,,,,-0.135,
37:02.2,,,0.055,,,,-0.135,
37:02.2,,,0.05,,,,-0.125,
37:02.2,17.5,,0.06,19.312,41.688,41.562,-0.135,1534
37:02.2,,,0.06,,,,-0.135,
37:02.2,,,0.055,,,,-0.125,
37:02.2,,,0.055,,,,-0.125,
37:02.2,18.875,0.3,0.055,19.688,41.438,41.875,-0.125,1522
37:02.2,,,0.05,,,,-0.115,
37:02.2,,,0.06,,,,-0.125,
37:02.2,,,0.06,,,,-0.125,
37:02.2,20.188,,0.065,19.875,41.25,42.25,-0.125,1509
37:02.2,,,0.065,,,,-0.125,
37:02.2,,,0.065,,,,-0.125,
37:02.2,,,0.06,,,,-0.115,
37:02.2,21.25,,0.06,19.75,41.125,42.688,-0.115,1495
37:02.2,,,0.055,,,,-0.105,
37:02.2,,,0.065,,,,-0.115,
37:02.2,,,0.065,,,,-0.115,
37:02.2,21.938,,0.06,19.5,41.125,43.375,-0.105,1481
37:02.2,,,0.06,,,,-0.105,
37:02.2,,,0.06,,,,-0.105,
37:02.2,,,0.055,,,,-0.095,
37:02.2,22.312,0.217,0.065,19.188,41.188,45.062,-0.105,1467
37:02.2,,,0.065,,,,-0.105,
37:02.2,,,0.06,,,,-0.095,
37:02.2,,,0.055,,,,-0.085,
37:02.3,22.625,,0.065,19.062,41.312,48.625,-0.095,1453
37:02.3,,,0.065,,,,-0.095,
37:02.3,,,0.07,,,,-0.095,
37:02.3,,,0.07,,,,-0.095,
37:02.3,23.125,,0.065,19.062,41.562,55.25,-0.085,1440
37:02.3,,,0.065,,,,-0.085,
37:02.3,,,0.075,,,,-0.095,
37:02.3,,,0.07,,,,-0.085,
37:02.3,23.812,,0.07,19.562,42.125,64.688,-0.085,1427
37:02.3,,,0.065,,,,-0.075,
37:02.3,,,0.075,,,,-0.085,
37:02.3,,,0.07,,,,-0.075,
37:02.3,24.688,0.217,0.07,20.812,43.188,75.375,-0.075,1416
37:02.3,,,0.075,,,,-0.075,
37:02.3,,,0.085,,,,-0.085,
37:02.3,,,0.08,,,,-0.075,
37:02.3,25.625,,0.09,22.562,44.5,84.375,-0.085,1406
37:02.3,,,0.085,,,,-0.075,
37:02.3,,,0.08,,,,-0.065,
37:02.3,,,0.08,,,,-0.065,
37:02.3,26.625,,0.085,24.375,45.938,89.25,-0.065,1398
37:02.3,,,0.085,,,,-0.065,
37:02.3,,,0.08,,,,-0.055,
37:02.3,,,0.08,,,,-0.055,
37:02.3,27.5,,0.085,25.938,47.375,89.812,-0.055,1392
37:02.3,,,0.08,,,,-0.045,
37:02.3,,,0.075,,,,-0.035,
37:02.3,,,0.085,,,,-0.045,
37:02.3,28.25,0.217,0.09,27.25,48.812,87.625,-0.045,1386
37:02.3,,,0.085,,,,-0.035,
37:02.3,,,0.085,,,,-0.035,
37:02.3,,,0.08,,,,-0.025,
37:02.3,28.875,,0.085,28.312,50.312,85.5,-0.025,1380
37:02.3,,,0.08,,,,-0.015,
37:02.3,,,0.08,,,,-0.015,
37:02.3,,,0.085,,,,-0.015,
37:02.3,29.375,,0.08,29.125,51.812,85.312,-0.005,1375
37:02.3,,,0.075,,,,0.005,
37:02.3,,,0.085,,,,-0.005,
37:02.3,,,0.09,,,,-0.005,
37:02.3,29.812,,0.085,29.75,53.312,87.625,0.005,1369
37:02.3,,,0.09,,,,0.005,
37:02.3,,,0.085,,,,0.015,
37:02.3,,,0.08,,,,0.025,
37:02.3,30.25,0.217,0.085,30.188,54.938,91.5,0.025,1362
37:02.3,,,0.08,,,,0.035,
37:02.3,,,0.08,,,,0.045,
37:02.3,,,0.075,,,,0.055,
37:02.3,30.688,,0.08,30.438,56.562,95.438,0.055,1353
37:02.3,,,0.085,,,,0.055,
37:02.4,,,0.09,,,,0.055,
37:02.4,,,0.085,,,,0.065,
37:02.4,31.188,,0.09,30.688,58.312,98.125,0.065,1343
37:02.4,,,0.08,,,,0.085,
37:02.4,,,0.095,,,,0.075,
37:02.4,,,0.09,,,,0.085,
37:02.4,31.75,,0.09,31,60.125,99.188,0.095,1332
37:02.4,,,0.09,,,,0.105,
37:02.4,,,0.095,,,,0.105,
37:02.4,,,0.085,,,,0.125,
37:02.4,32.375,0.217,0.095,31.375,61.875,99.062,0.125,1318
37:02.4,,,0.09,,,,0.135,
37:02.4,,,0.09,,,,0.145,
37:02.4,,,0.09,,,,0.155,
37:02.4,32.938,,0.105,31.75,63.5,98.562,0.145,1304
37:02.4,,,0.09,,,,0.175,
37:02.4,,,0.105,,,,0.165,
37:02.4,,,0.1,,,,0.185,
37:02.4,33.438,,0.1,32.125,65,98.5,0.195,1290
37:02.4,,,0.1,,,,0.205,
37:02.4,,,0.11,,,,0.205,
37:02.4,,,0.105,,,,0.225,
37:02.4,33.938,,0.105,32.5,66.438,99.25,0.235,1276
37:02.4,,,0.105,,,,0.245,
37:02.4,,,0.115,,,,0.245,
37:02.4,,,0.11,,,,0.265,
37:02.4,34.25,0.217,0.12,32.938,67.875,100.688,0.265,1264
37:02.4,,,0.115,,,,0.285,
37:02.4,,,0.125,,,,0.285,
37:02.4,,,0.12,,,,0.305,
37:02.4,34.5,,0.12,33.312,69.25,102.25,0.315,1254
37:02.4,,,0.13,,,,0.315,
37:02.4,,,0.125,,,,0.335,
37:02.4,,,0.125,,,,0.345,
37:02.4,34.625,,0.135,33.625,70.5,103.188,0.345,1246
37:02.4,,,0.135,,,,0.355,
37:02.4,,,0.14,,,,0.355,
37:02.4,,,0.14,,,,0.365,
37:02.4,34.688,,0.15,33.938,71.625,103.188,0.365,1241
37:02.4,,,0.15,,,,0.375,
37:02.4,,,0.16,,,,0.365,
37:02.4,,,0.155,,,,0.375,
37:02.4,34.688,0.217,0.16,34.188,72.75,102.438,0.375,1240
37:02.4,,,0.155,,,,0.385,
37:02.4,,,0.165,,,,0.375,
37:02.4,,,0.165,,,,0.375,
37:02.4,34.688,,0.18,34.312,73.812,101.375,0.355,1240
37:02.4,,,0.18,,,,0.355,
37:02.4,,,0.185,,,,0.345,
37:02.4,,,0.18,,,,0.345,
37:02.5,34.562,,0.18,34.312,74.812,100.5,0.335,1244
37:02.5,,,0.175,,,,0.335,
37:02.5,,,0.19,,,,0.305,
37:02.5,,,0.195,,,,0.285,
37:02.5,34.438,,0.2,34.188,75.75,100.062,0.265,1255
37:02.5,,,0.195,,,,0.255,
37:02.5,,,0.195,,,,0.235,
37:02.5,,,0.195,,,,0.215,
37:02.5,34.25,0.217,0.195,34,76.562,100.062,0.195,1274
37:02.5,,,0.195,,,,0.175,
37:02.5,,,0.2,,,,0.145,
37:02.5,,,0.19,,,,0.135,
37:02.5,34,,0.2,33.75,77.125,100.062,0.095,1302
37:02.5,,,0.195,,,,0.075,
37:02.5,,,0.2,,,,0.045,
37:02.5,,,0.195,,,,0.025,
37:02.5,33.75,,0.2,33.562,77.562,99.562,-0.005,1340
37:02.5,,,0.195,,,,-0.025,
37:02.5,,,0.195,,,,-0.055,
37:02.5,,,0.19,,,,-0.075,
37:02.5,33.438,,0.185,33.438,77.875,98.375,-0.095,1387
37:02.5,,,0.175,,,,-0.105,
37:02.5,,,0.17,,,,-0.125,
37:02.5,,,0.165,,,,-0.145,
37:02.5,33.125,0.217,0.155,33.312,78.125,96.562,-0.155,1442
37:02.5,,,0.16,,,,-0.185,
37:02.5,,,0.15,,,,-0.195,
37:02.5,,,0.15,,,,-0.215,
37:02.5,32.812,,0.14,33.188,78.375,94.562,-0.225,1503
37:02.5,,,0.135,,,,-0.235,
37:02.5,,,0.13,,,,-0.245,
37:02.5,,,0.115,,,,-0.245,
37:02.5,32.562,,0.12,33.125,78.562,92.75,-0.265,1571
37:02.5,,,0.115,,,,-0.275,
37:02.5,,,0.105,,,,-0.275,
37:02.5,,,0.095,,,,-0.275,
37:02.5,32.25,,0.1,33,78.625,91.312,-0.295,1641
37:02.5,,,0.085,,,,-0.285,
37:02.5,,,0.095,,,,-0.305,
37:02.5,,,0.095,,,,-0.315,
37:02.5,31.812,0.217,0.09,32.75,78.438,90.062,-0.315,1714
37:02.5,,,0.085,,,,-0.315,
37:02.5,,,0.085,,,,-0.325,
37:02.5,,,0.075,,,,-0.315,
37:02.5,31.25,,0.08,32.375,78.125,88.5,-0.325,1788
37:02.5,,,0.075,,,,-0.325,
37:02.5,,,0.075,,,,-0.325,
37:02.5,,,0.075,,,,-0.325,
37:02.5,30.5,,0.08,31.75,77.688,86.375,-0.335,1861
37:02.5,,,0.075,,,,-0.335,
37:02.6,,,0.075,,,,-0.335,
37:02.6,,,0.065,,,,-0.325,
37:02.6,29.562,,0.07,30.938,77.125,83.438,-0.335,1935
37:02.6,,,0.07,,,,-0.335,
37:02.6,,,0.07,,,,-0.335,
37:02.6,,,0.06,,,,-0.325,
37:02.6,28.438,0.433,0.06,30,76.5,80.062,-0.325,2007
37:02.6,,,0.06,,,,-0.325,
37:02.6,,,0.06,,,,-0.325,
37:02.6,,,0.06,,,,-0.325,
37:02.6,27.125,,0.065,28.812,75.688,76.562,-0.335,2077
37:02.6,,,0.065,,,,-0.335,
37:02.6,,,0.065,,,,-0.335,
37:02.6,,,0.06,,,,-0.325,
37:02.6,25.688,,0.06,27.625,74.75,73.188,-0.325,2145
37:02.6,,,0.06,,,,-0.325,
37:02.6,,,0.06,,,,-0.325,
37:02.6,,,0.06,,,,-0.325,
37:02.6,24.125,,0.06,26.312,73.625,70.188,-0.325,2211
37:02.6,,,0.06,,,,-0.325,
37:02.6,,,0.06,,,,-0.325,
37:02.6,,,0.055,,,,-0.315,
37:02.6,22.438,0.583,0.055,25.25,72.312,67.562,-0.315,2276
37:02.6,,,0.055,,,,-0.315,
37:02.6,,,0.055,,,,-0.315,
37:02.6,,,0.055,,,,-0.315,
37:02.6,20.812,,0.055,24.5,70.875,65.438,-0.315,2337
37:02.6,,,0.055,,,,-0.315,
37:02.6,,,0.055,,,,-0.315,
37:02.6,,,0.055,,,,-0.315,
37:02.6,19.25,,0.055,24.312,69.562,64,-0.315,2397
37:02.6,,,0.055,,,,-0.315,
37:02.6,,,0.055,,,,-0.315,
37:02.6,,,0.05,,,,-0.305,
37:02.6,17.875,,0.05,24.562,68.438,63.625,-0.305,2455
37:02.6,,,0.045,,,,-0.295,
37:02.6,,,0.045,,,,-0.295,
37:02.6,,,0.045,,,,-0.295,
37:02.6,16.562,1.017,0.055,25,67.25,63.938,-0.305,2510
37:02.6,,,0.05,,,,-0.295,
37:02.6,,,0.05,,,,-0.295,
37:02.6,,,0.05,,,,-0.295,
37:02.6,15.5,,0.05,25.625,66.188,64.312,-0.295,2564
37:02.6,,,0.05,,,,-0.295,
37:02.6,,,0.05,,,,-0.295,
37:02.6,,,0.045,,,,-0.285,
37:02.6,14.688,,0.045,26.312,65.375,64.125,-0.285,2614
37:02.6,,,0.045,,,,-0.285,
37:02.6,,,0.045,,,,-0.285,
37:02.6,,,0.04,,,,-0.275,
37:02.7,14.062,,0.04,26.875,64.875,63.062,-0.275,2659
37:02.7,,,0.04,,,,-0.275,
37:02.7,,,0.04,,,,-0.275,
37:02.7,,,0.035,,,,-0.265,
37:02.7,13.5,1.9,0.045,27.125,64.5,61.688,-0.275,2702
37:02.7,,,0.045,,,,-0.275,
37:02.7,,,0.045,,,,-0.275,
37:02.7,,,0.045,,,,-0.275,
37:02.7,12.938,,0.055,27.062,64.062,60.375,-0.285,2743
37:02.7,,,0.055,,,,-0.285,
37:02.7,,,0.055,,,,-0.285,
37:02.7,,,0.05,,,,-0.275,
37:02.7,12.375,,0.05,26.625,63.375,59.625,-0.275,2780
37:02.7,,,0.05,,,,-0.275,
37:02.7,,,0.05,,,,-0.275,
37:02.7,,,0.045,,,,-0.265,
37:02.7,11.812,,0.045,25.875,62.688,59.438,-0.265,2811
37:02.7,,,0.045,,,,-0.265,
37:02.7,,,0.055,,,,-0.275,
37:02.7,,,0.055,,,,-0.275,
37:02.7,11.25,2.7,0.055,25.125,62.125,59.5,-0.275,2840
37:02.7,,,0.05,,,,-0.265,
37:02.7,,,0.05,,,,-0.265,
37:02.7,,,0.05,,,,-0.265,
37:02.7,10.75,,0.05,24.375,61.688,59.5,-0.265,2864
37:02.7,,,0.05,,,,-0.265,
37:02.7,,,0.05,,,,-0.265,
37:02.7,,,0.05,,,,-0.265,
37:02.7,10.312,,0.05,23.875,61.25,59.062,-0.265,2883
37:02.7,,,0.045,,,,-0.255,
37:02.7,,,0.045,,,,-0.255,
37:02.7,,,0.045,,,,-0.255,
37:02.7,10,,0.045,23.562,60.625,58.125,-0.255,2900
37:02.7,,,0.045,,,,-0.255,
37:02.7,,,0.045,,,,-0.255,
37:02.7,,,0.04,,,,-0.245,
37:02.7,9.875,3.65,0.04,23.562,59.875,56.812,-0.245,2903
37:02.7,,,0.04,,,,-0.245,
37:02.7,,,0.05,,,,-0.255,
37:02.7,,,0.05,,,,-0.255,
37:02.7,9.875,,0.05,23.75,59.125,55.5,-0.255,2897
37:02.7,,,0.045,,,,-0.245,
37:02.7,,,0.045,,,,-0.245,
37:02.7,,,0.045,,,,-0.245,
37:02.7,10,,0.045,24.188,58.375,54.375,-0.245,2894
37:02.7,,,0.045,,,,-0.245,
37:02.7,,,0.045,,,,-0.245,
37:02.7,,,0.045,,,,-0.245,
37:02.7,10.25,,0.045,24.75,57.688,53.562,-0.245,2888
37:02.7,,,0.045,,,,-0.245,
37:02.8,,,0.045,,,,-0.245,
37:02.8,,,0.045,,,,-0.245,
37:02.8,10.562,5.467,0.045,25.312,57.062,53.062,-0.245,2878
37:02.8,,,0.045,,,,-0.245,
37:02.8,,,0.045,,,,-0.245,
37:02.8,,,0.04,,,,-0.235,
37:02.8,10.938,,0.05,25.625,56.438,52.688,-0.245,2863
37:02.8,,,0.05,,,,-0.245,
37:02.8,,,0.045,,,,-0.235,
37:02.8,,,0.04,,,,-0.225,
37:02.8,11.25,,0.05,25.625,55.875,52.312,-0.235,2842
37:02.8,,,0.05,,,,-0.235,
37:02.8,,,0.05,,,,-0.235,
37:02.8,,,0.045,,,,-0.225,
37:02.8,11.375,,0.045,25.375,55.5,51.875,-0.225,2813
37:02.8,,,0.055,,,,-0.235,
37:02.8,,,0.055,,,,-0.235,
37:02.8,,,0.05,,,,-0.225,
37:02.8,11.438,8.033,0.06,25,55.125,51.438,-0.235,2778
37:02.8,,,0.06,,,,-0.235,
37:02.8,,,0.06,,,,-0.235,
37:02.8,,,0.055,,,,-0.225,
37:02.8,11.312,,0.065,24.438,54.812,51.188,-0.235,2738
37:02.8,,,0.06,,,,-0.225,
37:02.8,,,0.06,,,,-0.225,
37:02.8,,,0.06,,,,-0.225,
37:02.8,11.062,,0.065,23.875,54.5,51.062,-0.225,2695
37:02.8,,,0.065,,,,-0.225,
37:02.8,,,0.075,,,,-0.235,
37:02.8,,,0.07,,,,-0.225,
37:02.8,10.812,,0.07,23.25,54.25,51,-0.225,2650
37:02.8,,,0.07,,,,-0.225,
37:02.8,,,0.07,,,,-0.225,
37:02.8,,,0.065,,,,-0.215,
37:02.8,10.438,11.083,0.065,22.625,54,50.875,-0.215,2604
37:02.8,,,0.06,,,,-0.205,
37:02.8,,,0.065,,,,-0.205,
37:02.8,,,0.06,,,,-0.195,
37:02.8,10.125,,0.06,22.125,53.75,50.562,-0.195,2557
37:02.8,,,0.065,,,,-0.195,
37:02.8,,,0.055,,,,-0.175,
37:02.8,,,0.06,,,,-0.175,
37:02.8,9.938,,0.065,21.875,53.562,50.062,-0.175,2509
37:02.8,,,0.06,,,,-0.165,
37:02.8,,,0.06,,,,-0.165,
37:02.8,,,0.055,,,,-0.155,
37:02.8,9.938,,0.055,21.75,53.5,49.5,-0.155,2462
37:02.8,,,0.055,,,,-0.155,
37:02.8,,,0.06,,,,-0.165,
37:02.8,,,0.06,,,,-0.165,
37:02.9,10.062,13.133,0.055,21.75,53.562,49.062,-0.165,2415
37:02.9,,,0.045,,,,-0.155,
37:02.9,,,0.045,,,,-0.155,
37:02.9,,,0.05,,,,-0.165,
37:02.9,10.25,,0.05,21.75,53.562,48.75,-0.165,2367
37:02.9,,,0.05,,,,-0.165,
37:02.9,,,0.055,,,,-0.175,
37:02.9,,,0.045,,,,-0.165,
37:02.9,10.5,,0.05,21.75,53.25,48.625,-0.175,2319
37:02.9,,,0.05,,,,-0.175,
37:02.9,,,0.055,,,,-0.185,
37:02.9,,,0.045,,,,-0.175,
37:02.9,10.812,,0.045,21.75,52.875,48.562,-0.175,2273
37:02.9,,,0.045,,,,-0.175,
37:02.9,,,0.05,,,,-0.185,
37:02.9,,,0.04,,,,-0.175,
37:02.9,11.062,15.1,0.04,21.75,52.562,48.438,-0.175,2228
37:02.9,,,0.03,,,,-0.165,
37:02.9,,,0.03,,,,-0.165,
37:02.9,,,0.03,,,,-0.165,
37:02.9,11.312,,0.03,21.75,52.312,48.312,-0.165,2183
37:02.9,,,0.03,,,,-0.165,
37:02.9,,,0.03,,,,-0.165,
37:02.9,,,0.03,,,,-0.165,
37:02.9,11.562,,0.035,21.812,51.938,48.062,-0.175,2140
37:02.9,,,0.035,,,,-0.175,
37:02.9,,,0.035,,,,-0.175,
37:02.9,,,0.025,,,,-0.165,
37:02.9,11.688,,0.025,21.688,51.438,47.688,-0.165,2099
37:02.9,,,0.025,,,,-0.165,
37:02.9,,,0.025,,,,-0.165,
37:02.9,,,0.025,,,,-0.165,
37:02.9,11.812,17,0.03,21.5,50.875,47.312,-0.175,2060
37:02.9,,,0.03,,,,-0.175,
37:02.9,,,0.03,,,,-0.175,
37:02.9,,,0.03,,,,-0.175,
37:02.9,11.875,,0.035,21.25,50.375,47.062,-0.185,2021
37:02.9,,,0.035,,,,-0.185,
37:02.9,,,0.035,,,,-0.185,
37:02.9,,,0.035,,,,-0.185,
37:02.9,12.062,,0.035,21.062,50,46.938,-0.185,1985
37:02.9,,,0.035,,,,-0.185,
37:02.9,,,0.035,,,,-0.185,
37:02.9,,,0.03,,,,-0.175,
37:02.9,12.312,,0.04,21.062,49.562,46.875,-0.185,1951
37:02.9,,,0.04,,,,-0.185,
37:02.9,,,0.04,,,,-0.185,
37:02.9,,,0.035,,,,-0.175,
37:02.9,12.625,18.6,0.035,21.062,49.25,46.812,-0.175,1920
37:02.9,,,0.035,,,,-0.175,
37:03.0,,,0.035,,,,-0.175,
37:03.0,,,0.035,,,,-0.175,
37:03.0,12.938,,0.035,21.188,48.875,46.688,-0.175,1891
37:03.0,,,0.035,,,,-0.175,
37:03.0,,,0.035,,,,-0.175,
37:03.0,,,0.035,,,,-0.175,
37:03.0,13.312,,0.04,21.25,48.5,46.438,-0.175,1865
37:03.0,,,0.045,,,,-0.175,
37:03.0,,,0.045,,,,-0.165,
37:03.0,,,0.05,,,,-0.165,
37:03.0,13.625,,0.055,21.188,48.188,46.062,-0.155,1841
37:03.0,,,0.05,,,,-0.135,
37:03.0,,,0.055,,,,-0.125,
37:03.0,,,0.055,,,,-0.105,
37:03.0,13.875,20.283,0.065,21,47.938,45.688,-0.095,1819
37:03.0,,,0.075,,,,-0.085,
37:03.0,,,0.085,,,,-0.075,
37:03.0,,,0.09,,,,-0.055,
37:03.0,14.062,,0.105,20.875,47.688,45.312,-0.055,1797
37:03.0,,,0.115,,,,-0.045,
37:03.0,,,0.135,,,,-0.045,
37:03.0,,,0.14,,,,-0.025,
37:03.0,14.188,,0.15,20.812,47.438,45.062,-0.015,1774
37:03.0,,,0.15,,,,0.005,
37:03.0,,,0.15,,,,0.025,
37:03.0,,,0.135,,,,0.065,
37:03.0,14.25,,0.125,20.812,47.25,44.875,0.095,1751
37:03.0,,,0.105,,,,0.135,
37:03.0,,,0.08,,,,0.175,
37:03.0,,,0.055,,,,0.215,
37:03.0,14.312,23.2,0.03,20.875,47.062,44.75,0.255,1727
37:03.0,,,0,,,,0.305,
37:03.0,,,-0.015,,,,0.325,
37:03.0,,,-0.04,,,,0.355,
37:03.0,14.312,,-0.045,21,46.812,44.625,0.355,1701
37:03.0,,,-0.06,,,,0.365,
37:03.0,,,-0.065,,,,0.355,
37:03.0,,,-0.07,,,,0.345,
37:03.0,14.25,,-0.07,21.062,46.625,44.438,0.315,1675
37:03.0,,,-0.07,,,,0.285,
37:03.0,,,-0.055,,,,0.235,
37:03.0,,,-0.055,,,,0.205,
37:03.0,14.125,,-0.045,21,46.438,44.25,0.165,1650
37:03.0,,,-0.045,,,,0.135,
37:03.0,,,-0.045,,,,0.115,
37:03.0,,,-0.03,,,,0.075,
37:03.0,13.938,24.517,-0.03,20.938,46.25,44.062,0.065,1626
37:03.0,,,-0.025,,,,0.045,
37:03.0,,,-0.025,,,,0.035,
37:03.0,,,-0.015,,,,0.015,
37:03.1,13.75,,-0.02,20.75,46.188,43.875,0.015,1604
37:03.1,,,-0.015,,,,0.005,
37:03.1,,,-0.01,,,,-0.005,
37:03.1,,,-0.015,,,,-0.005,
37:03.1,13.562,,-0.01,20.625,46.062,43.75,-0.015,1583
37:03.1,,,-0.015,,,,-0.015,
37:03.1,,,-0.005,,,,-0.035,
37:03.1,,,0,,,,-0.045,
37:03.1,13.375,,0,20.688,45.938,43.5,-0.055,1562
37:03.1,,,-0.005,,,,-0.055,
37:03.1,,,0,,,,-0.065,
37:03.1,,,0.005,,,,-0.075,
37:03.1,13.375,25.317,0.01,20.812,45.688,43.312,-0.085,1541
37:03.1,,,0.01,,,,-0.085,
37:03.1,,,0.015,,,,-0.095,
37:03.1,,,0.02,,,,-0.105,
37:03.1,13.562,,0.02,21,45.5,43.062,-0.105,1524
37:03.1,,,0.025,,,,-0.115,
37:03.1,,,0.025,,,,-0.115,
37:03.1,,,0.025,,,,-0.115,
37:03.1,13.75,,0.025,21,45.375,42.875,-0.115,1508
37:03.1,,,0.025,,,,-0.115,
37:03.1,,,0.04,,,,-0.135,
37:03.1,,,0.04,,,,-0.135,
37:03.1,14.062,,0.05,20.938,45.312,42.75,-0.145,1493
37:03.1,,,0.045,,,,-0.135,
37:03.1,,,0.045,,,,-0.135,
37:03.1,,,0.045,,,,-0.135,
37:03.1,14.625,25.983,0.05,20.875,45.188,42.75,-0.135,1481
37:03.1,,,0.05,,,,-0.135,
37:03.1,,,0.05,,,,-0.135,
37:03.1,,,0.055,,,,-0.135,
37:03.1,15.5,,0.05,20.875,45,42.812,-0.125,1470
37:03.1,,,0.05,,,,-0.125,
37:03.1,,,0.06,,,,-0.135,
37:03.1,,,0.055,,,,-0.125,
37:03.1,16.625,,0.065,20.938,44.812,42.938,-0.135,1460
37:03.1,,,0.065,,,,-0.135,
37:03.1,,,0.075,,,,-0.145,
37:03.1,,,0.07,,,,-0.135,
37:03.1,17.875,,0.07,21,44.625,43.188,-0.135,1451
37:03.1,,,0.07,,,,-0.135,
37:03.1,,,0.07,,,,-0.135,
37:03.1,,,0.065,,,,-0.125,
37:03.1,19.375,26.933,0.075,21.25,44.438,43.5,-0.135,1443
37:03.1,,,0.075,,,,-0.135,
37:03.1,,,0.075,,,,-0.135,
37:03.1,,,0.075,,,,-0.135,
37:03.1,21.062,,0.085,21.875,44.25,44,-0.145,1435
37:03.1,,,0.08,,,,-0.135,
37:03.2,,,0.075,,,,-0.125,
37:03.2,,,0.075,,,,-0.125,
37:03.2,22.875,,0.075,22.812,44.125,44.812,-0.125,1427
37:03.2,,,0.07,,,,-0.115,
37:03.2,,,0.08,,,,-0.125,
37:03.2,,,0.08,,,,-0.125,
37:03.2,24.688,,0.08,23.812,44.062,46.688,-0.125,1421
37:03.2,,,0.075,,,,-0.115,
37:03.2,,,0.085,,,,-0.125,
37:03.2,,,0.08,,,,-0.115,
37:03.2,26.312,27.217,0.08,24.5,44.188,50.812,-0.115,1417
37:03.2,,,0.075,,,,-0.105,
37:03.2,,,0.085,,,,-0.115,
37:03.2,,,0.085,,,,-0.115,
37:03.2,27.562,,0.085,24.625,44.438,58.188,-0.115,1413
37:03.2,,,0.08,,,,-0.105,
37:03.2,,,0.08,,,,-0.105,
37:03.2,,,0.08,,,,-0.105,
37:03.2,28.188,,0.09,24.5,45,68.312,-0.115,1409
37:03.2,,,0.085,,,,-0.105,
37:03.2,,,0.085,,,,-0.105,
37:03.2,,,0.085,,,,-0.105,
37:03.2,28.562,,0.085,24.562,45.875,79.188,-0.105,1406
37:03.2,,,0.08,,,,-0.095,
37:03.2,,,0.075,,,,-0.085,
37:03.2,,,0.075,,,,-0.085,
37:03.2,28.875,27.283,0.08,25.125,47.188,87.562,-0.085,1402
37:03.2,,,0.08,,,,-0.085,
37:03.2,,,0.085,,,,-0.085,
37:03.2,,,0.085,,,,-0.085,
37:03.2,29.125,,0.08,25.75,48.625,91.5,-0.075,1399
37:03.2,,,0.08,,,,-0.075,
37:03.2,,,0.085,,,,-0.075,
37:03.2,,,0.08,,,,-0.065,
37:03.2,29.25,,0.08,26.438,50.125,91.125,-0.065,1397
37:03.2,,,0.075,,,,-0.055,
37:03.2,,,0.085,,,,-0.065,
37:03.2,,,0.08,,,,-0.055,
37:03.2,29.438,,0.08,27.188,51.688,88.688,-0.055,1393
37:03.2,,,0.075,,,,-0.045,
37:03.2,,,0.08,,,,-0.045,
37:03.2,,,0.075,,,,-0.035,
37:03.2,29.75,27.517,0.085,28.25,53.312,86.938,-0.045,1388
37:03.2,,,0.08,,,,-0.035,
37:03.2,,,0.09,,,,-0.045,
37:03.2,,,0.085,,,,-0.035,
37:03.2,30.25,,0.08,29.5,55,87.75,-0.025,1383
37:03.2,,,0.075,,,,-0.015,
37:03.2,,,0.08,,,,-0.015,
37:03.2,,,0.075,,,,-0.005,
37:03.3,30.938,,0.085,30.875,56.75,91,-0.015,1377
37:03.3,,,0.075,,,,0.005,
37:03.3,,,0.08,,,,0.005,
37:03.3,,,0.085,,,,0.005,
37:03.3,31.875,,0.085,32.188,58.5,95.5,0.005,1368
37:03.3,,,0.09,,,,0.005,
37:03.3,,,0.09,,,,0.015,
37:03.3,,,0.085,,,,0.025,
37:03.3,32.875,27.517,0.09,33.188,60.25,99.375,0.025,1358
37:03.3,,,0.085,,,,0.035,
37:03.3,,,0.09,,,,0.035,
37:03.3,,,0.095,,,,0.035,
37:03.3,33.812,,0.09,33.75,62,101.562,0.045,1348
37:03.3,,,0.095,,,,0.045,
37:03.3,,,0.09,,,,0.055,
37:03.3,,,0.09,,,,0.065,
37:03.3,34.562,,0.085,34.188,63.625,102.125,0.075,1336
37:03.3,,,0.085,,,,0.085,
37:03.3,,,0.09,,,,0.085,
37:03.3,,,0.095,,,,0.085,
37:03.3,35.25,,0.095,34.625,65.188,101.875,0.095,1325
37:03.3,,,0.085,,,,0.115,
37:03.3,,,0.09,,,,0.115,
37:03.3,,,0.085,,,,0.135,
37:03.3,35.938,27.583,0.09,35,66.75,101.688,0.135,1317
37:03.3,,,0.085,,,,0.155,
37:03.3,,,0.09,,,,0.155,
37:03.3,,,0.095,,,,0.165,
37:03.3,36.375,,0.1,35.312,68.312,102.125,0.165,1309
37:03.3,,,0.095,,,,0.185,
37:03.3,,,0.1,,,,0.185,
37:03.3,,,0.1,,,,0.195,
37:03.3,36.75,,0.105,35.625,69.875,103.188,0.205,1301
37:03.3,,,0.105,,,,0.215,
37:03.3,,,0.105,,,,0.225,
37:03.3,,,0.105,,,,0.235,
37:03.3,36.938,,0.115,35.812,71.312,104.688,0.235,1293
37:03.3,,,0.115,,,,0.245,
37:03.3,,,0.12,,,,0.255,
37:03.3,,,0.12,,,,0.265,
37:03.3,37,27.8,0.12,36,72.688,106,0.275,1286
37:03.3,,,0.13,,,,0.275,
37:03.3,,,0.125,,,,0.295,
37:03.3,,,0.125,,,,0.305,
37:03.3,37,,0.135,36.188,73.938,106.688,0.305,1280
37:03.3,,,0.135,,,,0.315,
37:03.3,,,0.135,,,,0.325,
37:03.3,,,0.135,,,,0.335,
37:03.3,37,,0.135,36.438,75.188,106.688,0.345,1275
37:03.3,,,0.14,,,,0.345,
37:03.4,,,0.145,,,,0.345,
37:03.4,,,0.145,,,,0.355,
37:03.4,37,,0.15,36.562,76.375,106.062,0.355,1270
37:03.4,,,0.155,,,,0.355,
37:03.4,,,0.155,,,,0.355,
